Accession;Organism;Classification;Host;Country
LC700118.1;ST10;ST;Felidae;Iran
LC700117.1;ST7;ST;Homo sapiens;Iran
LC700116.1;ST7;ST;Homo sapiens;Iran
LC700115.1;ST5;ST;Felidae;Iran
LC700114.1;ST3;ST;Homo sapiens;Iran
LC700113.1;ST3;ST;Homo sapiens;Iran
LC700112.1;ST3;ST;Homo sapiens;Iran
LC700111.1;ST3;ST;Homo sapiens;Iran
LC700110.1;ST2;ST;Homo sapiens;Iran
LC700109.1;ST2;ST;Homo sapiens;Iran
LC700108.1;ST1;ST;Felidae;Iran
LC700107.1;ST1;ST;Felidae;Iran
LC700106.1;ST1;ST;Homo sapiens;Iran
LC700105.1;ST1;ST;Homo sapiens;Iran
LC700104.1;ST1;ST;Felidae;Iran
KP233740.1;ST5;ST;Suidae;Philippines
KP233739.1;ST5;ST;Anseriformes;Philippines
KP233738.1;ST14;ST;Bovidae;Philippines
KP233737.1;ST7;ST;Anseriformes;Philippines
KP233736.1;ST7;ST;Galliformes;Philippines
KP233735.1;ST7;ST;Anseriformes;Philippines
KP233734.1;ST7;ST;Suidae;Philippines
KP233733.1;ST7;ST;Galliformes;Philippines
KP233732.1;ST7;ST;Galliformes;Philippines
KP233731.1;ST1;ST;Suidae;Philippines
KP233730.1;ST7;ST;Galliformes;Philippines
KP233729.1;ST5;ST;Suidae;Philippines
KP233728.1;ST5;ST;Suidae;Philippines
KP233727.1;ST5;ST;Suidae;Philippines
KP233726.1;ST5;ST;Suidae;Philippines
KP233725.1;ST5;ST;Suidae;Philippines
KP233724.1;ST5;ST;Suidae;Philippines
KP233723.1;ST5;ST;Suidae;Philippines
KP233722.1;ST1;ST;Suidae;Philippines
KP233721.1;ST1;ST;Suidae;Philippines
KP233720.1;ST1;ST;Suidae;Philippines
KP233719.1;ST1;ST;Suidae;Philippines
KP233718.1;ST1;ST;Suidae;Philippines
KP233717.1;ST1;ST;Suidae;Philippines
KP233716.1;ST1;ST;Suidae;Philippines
KP233715.1;ST1;ST;Suidae;Philippines
KP233714.1;ST1;ST;Suidae;Philippines
MG000954.1;ST1;ST;Suidae;China
MK861946.1;ST9;ST;Galliformes;China
MK861945.1;ST9;ST;Galliformes;China
MK861944.1;ST9;ST;Galliformes;China
MK861943.1;ST9;ST;Galliformes;China
MK861942.1;ST9;ST;Galliformes;China
MK861941.1;ST9;ST;Galliformes;China
MK861940.1;ST9;ST;Galliformes;China
MK861939.1;ST9;ST;Galliformes;China
MK861938.1;ST9;ST;Galliformes;China
MK861937.1;ST9;ST;Galliformes;China
MK861936.1;ST9;ST;Galliformes;China
MK861935.1;ST9;ST;Galliformes;China
MK861934.1;ST7;ST;Galliformes;China
MK861933.1;ST7;ST;Galliformes;China
MK861932.1;ST7;ST;Galliformes;China
MK357784.1;ST3;ST;Primate;China
MH294510.1;ST3;ST;Homo sapiens;Iran
MH294509.1;ST3;ST;Homo sapiens;Iran
MH294508.1;ST3;ST;Homo sapiens;Iran
MH294507.1;ST3;ST;Homo sapiens;Iran
MH294506.1;ST2;ST;Homo sapiens;Iran
MH294505.1;ST2;ST;Homo sapiens;Iran
MH294504.1;ST2;ST;Homo sapiens;Iran
MH294503.1;ST2;ST;Homo sapiens;Iran
MH294502.1;ST2;ST;Homo sapiens;Iran
MH294501.1;ST2;ST;Homo sapiens;Iran
MH294500.1;ST2;ST;Homo sapiens;Iran
MH294499.1;ST1;ST;Homo sapiens;Iran
MH294498.1;ST1;ST;Homo sapiens;Iran
MH294497.1;ST1;ST;Homo sapiens;Iran
MH294496.1;ST1;ST;Homo sapiens;Iran
MH294495.1;ST1;ST;Homo sapiens;Iran
MH294494.1;ST1;ST;Homo sapiens;Iran
MH294493.1;ST1;ST;Homo sapiens;Iran
MH294492.1;ST1;ST;Homo sapiens;Iran
MH294491.1;ST1;ST;Homo sapiens;Iran
MH294490.1;ST1;ST;Homo sapiens;Iran
MH294489.1;ST1;ST;Homo sapiens;Iran
MH294488.1;ST1;ST;Homo sapiens;Iran
MH294487.1;ST1;ST;Homo sapiens;Iran
MH294486.1;ST1;ST;Homo sapiens;Iran
MH221018.1;ST3;ST;Homo sapiens;Iran
MH221017.1;ST3;ST;Homo sapiens;Iran
MH221016.1;ST3;ST;Homo sapiens;Iran
MH221015.1;ST3;ST;Homo sapiens;Iran
MH221014.1;ST3;ST;Homo sapiens;Iran
MH221013.1;ST3;ST;Homo sapiens;Iran
MH221012.1;ST3;ST;Homo sapiens;Iran
MH221011.1;ST3;ST;Homo sapiens;Iran
MH221010.1;ST3;ST;Homo sapiens;Iran
MH221009.1;ST3;ST;Homo sapiens;Iran
MH221008.1;ST3;ST;Homo sapiens;Iran
MH221007.1;ST2;ST;Homo sapiens;Iran
MH221006.1;ST2;ST;Homo sapiens;Iran
MH221005.1;ST2;ST;Homo sapiens;Iran
MH221004.1;ST2;ST;Homo sapiens;Iran
MH221003.1;ST2;ST;Homo sapiens;Iran
MH221002.1;ST2;ST;Homo sapiens;Iran
MH221001.1;ST2;ST;Homo sapiens;Iran
MH221000.1;ST2;ST;Homo sapiens;Iran
MH220999.1;ST2;ST;Homo sapiens;Iran
MH220998.1;ST2;ST;Homo sapiens;Iran
MH220997.1;ST2;ST;Homo sapiens;Iran
MH220996.1;ST2;ST;Homo sapiens;Iran
MH220995.1;ST2;ST;Homo sapiens;Iran
MH220994.1;ST2;ST;Homo sapiens;Iran
MH220993.1;ST1;ST;Homo sapiens;Iran
MH220992.1;ST1;ST;Homo sapiens;Iran
MH220991.1;ST1;ST;Homo sapiens;Iran
MH220990.1;ST1;ST;Homo sapiens;Iran
MH220989.1;ST1;ST;Homo sapiens;Iran
MH220988.1;ST1;ST;Homo sapiens;Iran
MH220987.1;ST1;ST;Homo sapiens;Iran
MH220986.1;ST1;ST;Homo sapiens;Iran
MH220985.1;ST1;ST;Homo sapiens;Iran
MH220984.1;ST1;ST;Homo sapiens;Iran
MH220983.1;ST1;ST;Homo sapiens;Iran
MH220982.1;ST1;ST;Homo sapiens;Iran
MH220981.1;ST1;ST;Homo sapiens;Iran
MH220980.1;ST1;ST;Homo sapiens;Iran
MH220979.1;ST1;ST;Homo sapiens;Iran
MH220978.1;ST1;ST;Homo sapiens;Iran
MH220977.1;ST1;ST;Homo sapiens;Iran
MH220976.1;ST1;ST;Homo sapiens;Iran
MH220975.1;ST1;ST;Homo sapiens;Iran
MH177915.1;ST1;ST;Homo sapiens;Iran
MH177914.1;ST1;ST;Homo sapiens;Iran
MG831523.1;ST14;ST;Bovidae;Malaysia
MG831522.1;ST5;ST;Bovidae;Malaysia
MG831521.1;ST14;ST;Bovidae;Malaysia
MG831520.1;ST14;ST;Bovidae;Malaysia
MG831519.1;ST10;ST;Bovidae;Malaysia
MG831518.1;ST10;ST;Bovidae;Malaysia
MG831517.1;ST10;ST;Bovidae;Malaysia
MG831516.1;ST10;ST;Bovidae;Malaysia
MG831515.1;ST10;ST;Bovidae;Malaysia
MG831514.1;ST10;ST;Bovidae;Malaysia
MG831513.1;ST10;ST;Bovidae;Malaysia
MG831512.1;ST10;ST;Bovidae;Malaysia
MG831511.1;ST10;ST;Bovidae;Malaysia
MG831510.1;ST10;ST;Bovidae;Malaysia
MG831509.1;ST10;ST;Bovidae;Malaysia
MG831508.1;ST10;ST;Bovidae;Malaysia
MG831507.1;ST10;ST;Bovidae;Malaysia
MG831506.1;ST10;ST;Bovidae;Malaysia
MG831505.1;ST10;ST;Bovidae;Malaysia
MG831504.1;ST10;ST;Bovidae;Malaysia
MG831503.1;ST10;ST;Bovidae;Malaysia
MG831502.1;ST10;ST;Bovidae;Malaysia
MG831501.1;ST5;ST;Bovidae;Malaysia
MG831500.1;ST10;ST;Bovidae;Malaysia
MG831499.1;ST10;ST;Bovidae;Malaysia
MG831498.1;ST10;ST;Bovidae;Malaysia
MG831497.1;ST10;ST;Bovidae;Malaysia
MG831496.1;ST10;ST;Bovidae;Malaysia
MG831495.1;ST10;ST;Bovidae;Malaysia
MG831494.1;ST10;ST;Bovidae;Malaysia
MG831493.1;ST10;ST;Bovidae;Malaysia
MG831492.1;ST10;ST;Bovidae;Malaysia
MG831491.1;ST10;ST;Bovidae;Malaysia
MG831490.1;ST10;ST;Bovidae;Malaysia
MG831489.1;ST10;ST;Bovidae;Malaysia
MG831488.1;ST10;ST;Bovidae;Malaysia
MG831487.1;ST10;ST;Bovidae;Malaysia
MG831486.1;ST10;ST;Bovidae;Malaysia
MG831485.1;ST10;ST;Bovidae;Malaysia
MG831484.1;ST10;ST;Bovidae;Malaysia
MG831483.1;ST10;ST;Bovidae;Malaysia
MG831482.1;ST10;ST;Bovidae;Malaysia
MG831481.1;ST10;ST;Bovidae;Malaysia
MG831480.1;ST10;ST;Bovidae;Malaysia
MG831479.1;ST10;ST;Bovidae;Malaysia
MG831478.1;ST10;ST;Bovidae;Malaysia
MG831477.1;ST10;ST;Bovidae;Malaysia
MG831476.1;ST10;ST;Bovidae;Malaysia
MG831475.1;ST10;ST;Bovidae;Malaysia
MG831474.1;ST10;ST;Bovidae;Malaysia
MG831473.1;ST5;ST;Bovidae;Malaysia
MG831472.1;ST5;ST;Bovidae;Malaysia
MG831471.1;ST5;ST;Bovidae;Malaysia
MG831470.1;ST5;ST;Bovidae;Malaysia
MG831469.1;ST5;ST;Bovidae;Malaysia
MG831468.1;ST5;ST;Bovidae;Malaysia
MG831467.1;ST5;ST;Bovidae;Malaysia
MG831466.1;ST5;ST;Bovidae;Malaysia
MG831465.1;ST5;ST;Bovidae;Malaysia
MG831464.1;ST5;ST;Bovidae;Malaysia
MG831463.1;ST5;ST;Bovidae;Malaysia
MG831462.1;ST5;ST;Bovidae;Malaysia
MG831461.1;ST5;ST;Bovidae;Malaysia
MG831460.1;ST5;ST;Bovidae;Malaysia
MG831459.1;ST5;ST;Bovidae;Malaysia
MG831458.1;ST5;ST;Bovidae;Malaysia
MG831457.1;ST5;ST;Bovidae;Malaysia
MG831456.1;ST5;ST;Bovidae;Malaysia
MG831455.1;ST5;ST;Bovidae;Malaysia
MG831454.1;ST5;ST;Bovidae;Malaysia
MG831453.1;ST5;ST;Bovidae;Malaysia
MG831452.1;ST5;ST;Bovidae;Malaysia
MG831451.1;ST5;ST;Bovidae;Malaysia
MG831450.1;ST5;ST;Bovidae;Malaysia
MG831449.1;ST5;ST;Bovidae;Malaysia
MG831448.1;ST5;ST;Bovidae;Malaysia
MG831447.1;ST5;ST;Bovidae;Malaysia
MG831446.1;ST5;ST;Bovidae;Malaysia
MG831445.1;ST5;ST;Bovidae;Malaysia
MG831444.1;ST5;ST;Bovidae;Malaysia
MG831443.1;ST5;ST;Bovidae;Malaysia
MG831442.1;ST5;ST;Bovidae;Malaysia
MG831441.1;ST5;ST;Bovidae;Malaysia
MG831440.1;ST5;ST;Bovidae;Malaysia
MG831439.1;ST5;ST;Bovidae;Malaysia
MG831438.1;ST5;ST;Bovidae;Malaysia
MG831437.1;ST5;ST;Bovidae;Malaysia
MG831436.1;ST5;ST;Bovidae;Malaysia
MG831435.1;ST5;ST;Bovidae;Malaysia
MG831434.1;ST5;ST;Bovidae;Malaysia
MG831433.1;ST5;ST;Bovidae;Malaysia
MG831432.1;ST5;ST;Bovidae;Malaysia
MG831431.1;ST5;ST;Bovidae;Malaysia
MG831430.1;ST5;ST;Bovidae;Malaysia
MG831429.1;ST5;ST;Bovidae;Malaysia
MG831428.1;ST5;ST;Bovidae;Malaysia
MG831427.1;ST5;ST;Bovidae;Malaysia
MG831426.1;ST5;ST;Bovidae;Malaysia
MG831425.1;ST3;ST;Bovidae;Malaysia
MG831424.1;ST3;ST;Bovidae;Malaysia
MG831423.1;ST3;ST;Bovidae;Malaysia
MG831422.1;ST3;ST;Bovidae;Malaysia
MG831421.1;ST1;ST;Bovidae;Malaysia
MG831420.1;ST1;ST;Bovidae;Malaysia
MG831419.1;ST1;ST;Bovidae;Malaysia
MG831418.1;ST1;ST;Bovidae;Malaysia
MG831417.1;ST1;ST;Bovidae;Malaysia
MG831416.1;ST1;ST;Bovidae;Malaysia
MG831415.1;ST1;ST;Bovidae;Malaysia
MG831414.1;ST1;ST;Bovidae;Malaysia
MG831413.1;ST1;ST;Bovidae;Malaysia
MH104999.1;ST1;ST;Homo sapiens;Thailand
MH104998.1;ST2;ST;Homo sapiens;Thailand
MH104997.1;ST2;ST;Homo sapiens;Thailand
MH104996.1;ST2;ST;Homo sapiens;Thailand
MH104995.1;ST1;ST;Homo sapiens;Thailand
MH104994.1;ST3;ST;Homo sapiens;Thailand
MH104993.1;ST3;ST;Homo sapiens;Thailand
MH104992.1;ST3;ST;Homo sapiens;Thailand
MH104991.1;ST2;ST;Homo sapiens;Thailand
MH104990.1;ST3;ST;Homo sapiens;Thailand
MH104989.1;ST3;ST;Canidae;Thailand
MH104988.1;ST5;ST;Suidae;Thailand
MH104987.1;ST5;ST;Suidae;Thailand
MH104986.1;ST5;ST;Suidae;Thailand
MH104985.1;ST5;ST;Suidae;Thailand
MH104984.1;ST5;ST;Suidae;Thailand
MH104983.1;ST5;ST;Suidae;Thailand
MH104982.1;ST5;ST;Suidae;Thailand
MH104981.1;ST1;ST;Suidae;Thailand
MH104980.1;ST5;ST;Suidae;Thailand
MH104979.1;ST5;ST;Suidae;Thailand
MH104978.1;ST5;ST;Suidae;Thailand
MH104977.1;ST5;ST;Suidae;Thailand
MH104976.1;ST5;ST;Suidae;Thailand
MH104975.1;ST5;ST;Suidae;Thailand
MH104974.1;ST5;ST;Suidae;Thailand
MH104973.1;ST5;ST;Suidae;Thailand
MH104972.1;ST5;ST;Suidae;Thailand
MH104971.1;ST5;ST;Suidae;Thailand
MH104970.1;ST5;ST;Suidae;Thailand
MH104969.1;ST5;ST;Suidae;Thailand
MH104968.1;ST5;ST;Suidae;Thailand
LC414153.1;ST3;ST;Homo sapiens;Iran
LC414152.1;ST3;ST;Homo sapiens;Iran
LC414151.1;ST1;ST;Homo sapiens;Iran
LC414150.1;ST3;ST;Homo sapiens;Iran
LC414149.1;ST1;ST;Homo sapiens;Iran
LC414148.1;ST1;ST;Homo sapiens;Iran
LC414147.1;ST2;ST;Homo sapiens;Iran
LC414146.1;ST3;ST;Homo sapiens;Iran
LC414145.1;ST1;ST;Homo sapiens;Iran
LC414144.1;ST1;ST;Homo sapiens;Iran
LC414143.1;ST3;ST;Homo sapiens;Iran
LC414142.1;ST3;ST;Homo sapiens;Iran
LC414141.1;ST3;ST;Homo sapiens;Iran
LC414140.1;ST3;ST;Homo sapiens;Iran
LC414139.1;ST1;ST;Homo sapiens;Iran
LC414138.1;ST1;ST;Homo sapiens;Iran
LC414137.1;ST2;ST;Homo sapiens;Iran
LC414136.1;ST3;ST;Homo sapiens;Iran
LC414135.1;ST1;ST;Homo sapiens;Iran
LC414134.1;ST1;ST;Homo sapiens;Iran
LC414133.1;ST2;ST;Homo sapiens;Iran
LC414132.1;ST3;ST;Homo sapiens;Iran
LC414131.1;ST3;ST;Homo sapiens;Iran
LC414130.1;ST1;ST;Homo sapiens;Iran
LC414129.1;ST3;ST;Homo sapiens;Iran
LC414128.1;ST1;ST;Homo sapiens;Iran
LC414127.1;ST3;ST;Homo sapiens;Iran
LC413928.1;ST2;ST;Homo sapiens;Iran
LC413927.1;ST1;ST;Homo sapiens;Iran
LC413926.1;ST3;ST;Homo sapiens;Iran
LC413925.1;ST3;ST;Homo sapiens;Iran
LC413924.1;ST1;ST;Homo sapiens;Iran
LC413923.1;ST1;ST;Homo sapiens;Iran
LC413922.1;ST3;ST;Homo sapiens;Iran
LC413894.1;ST1;ST;Homo sapiens;Iran
LC413893.1;ST3;ST;Homo sapiens;Iran
LC413892.1;ST3;ST;Homo sapiens;Iran
LC413891.1;ST3;ST;Homo sapiens;Iran
LC413890.1;ST2;ST;Homo sapiens;Iran
LC413889.1;ST1;ST;Homo sapiens;Iran
LC413853.1;ST1;ST;Homo sapiens;Iran
LC413852.1;ST1;ST;Homo sapiens;Iran
LC413851.1;ST3;ST;Homo sapiens;Iran
LC413241.1;ST2;ST;Homo sapiens;Iran
LC412909.1;ST3;ST;Homo sapiens;Iran
LC413622.1;ST1;ST;Homo sapiens;Iran
LC413621.1;ST3;ST;Homo sapiens;Iran
LC388740.1;ST14;ST;Bovidae;Japan
LC388739.1;ST14;ST;Bovidae;Japan
LC388738.1;ST5;ST;Bovidae;Japan
LC388737.1;ST5;ST;Bovidae;Japan
LC388736.1;ST14;ST;Bovidae;Japan
LC388735.1;ST14;ST;Bovidae;Japan
LC388734.1;ST14;ST;Bovidae;Japan
LC388733.1;ST14;ST;Bovidae;Japan
LC388732.1;ST14;ST;Bovidae;Japan
LC388731.1;ST14;ST;Bovidae;Japan
LC388730.1;ST14;ST;Bovidae;Japan
LC388729.1;ST14;ST;Bovidae;Japan
LC388728.1;ST14;ST;Bovidae;Japan
LC388727.1;ST14;ST;Bovidae;Japan
LC388726.1;ST14;ST;Bovidae;Japan
LC388725.1;ST14;ST;Bovidae;Japan
LC388724.1;ST14;ST;Bovidae;Japan
LC388723.1;ST14;ST;Bovidae;Japan
LC388722.1;ST14;ST;Bovidae;Japan
LC388721.1;ST14;ST;Bovidae;Japan
LC388720.1;ST14;ST;Bovidae;Japan
LC388719.1;ST14;ST;Bovidae;Japan
LC388718.1;ST14;ST;Bovidae;Japan
LC388717.1;ST14;ST;Bovidae;Japan
LC388716.1;ST14;ST;Bovidae;Japan
LC388715.1;ST14;ST;Bovidae;Japan
LC388714.1;ST10;ST;Bovidae;Japan
LC388713.1;ST14;ST;Bovidae;Japan
LC388712.1;ST14;ST;Bovidae;Japan
LC388711.1;ST14;ST;Bovidae;Japan
LC388710.1;ST14;ST;Bovidae;Japan
LC388709.1;ST14;ST;Bovidae;Japan
LC388708.1;ST14;ST;Bovidae;Japan
LC388707.1;ST14;ST;Bovidae;Japan
LC388706.1;ST14;ST;Bovidae;Japan
LC388705.1;ST14;ST;Bovidae;Japan
LC388704.1;ST14;ST;Bovidae;Japan
LC388703.1;ST14;ST;Bovidae;Japan
LC388702.1;ST14;ST;Bovidae;Japan
LC388701.1;ST14;ST;Bovidae;Japan
LC388700.1;ST14;ST;Bovidae;Japan
LC388699.1;ST14;ST;Bovidae;Japan
LC388698.1;ST14;ST;Bovidae;Japan
LC388697.1;ST14;ST;Bovidae;Japan
LC388696.1;ST14;ST;Bovidae;Japan
MF540015.1;ST3;ST;Homo sapiens;Mexico
MF540014.1;ST3;ST;Homo sapiens;Mexico
MF540013.1;ST3;ST;Homo sapiens;Mexico
MF540012.1;ST3;ST;Homo sapiens;Mexico
MF540011.1;ST3;ST;Homo sapiens;Mexico
MF540010.1;ST3;ST;Homo sapiens;Mexico
MF540009.1;ST3;ST;Homo sapiens;Mexico
MF540008.1;ST3;ST;Homo sapiens;Mexico
MF540007.1;ST3;ST;Homo sapiens;Mexico
MF540006.1;ST3;ST;Homo sapiens;Mexico
MF540005.1;ST3;ST;Homo sapiens;Mexico
MF540004.1;ST3;ST;Homo sapiens;Mexico
MF540003.1;ST3;ST;Homo sapiens;Mexico
MF540002.1;ST3;ST;Homo sapiens;Mexico
MF540001.1;ST3;ST;Homo sapiens;Mexico
MF540000.1;ST3;ST;Homo sapiens;Mexico
MF539999.1;ST3;ST;Homo sapiens;Mexico
MF539998.1;ST3;ST;Homo sapiens;Mexico
MF539997.1;ST3;ST;Homo sapiens;Mexico
MF539996.1;ST3;ST;Homo sapiens;Mexico
MF539995.1;ST3;ST;Homo sapiens;Mexico
MF539994.1;ST3;ST;Homo sapiens;Mexico
MF539993.1;ST3;ST;Homo sapiens;Mexico
MF539992.1;ST3;ST;Homo sapiens;Mexico
MF539991.1;ST3;ST;Homo sapiens;Mexico
MF539990.1;ST3;ST;Homo sapiens;Mexico
MF539989.1;ST3;ST;Homo sapiens;Mexico
MF539988.1;ST3;ST;Homo sapiens;Mexico
MF539987.1;ST3;ST;Homo sapiens;Mexico
MF539986.1;ST3;ST;Homo sapiens;Mexico
MF539985.1;ST3;ST;Homo sapiens;Mexico
MF539984.1;ST3;ST;Homo sapiens;Mexico
MF539983.1;ST3;ST;Homo sapiens;Mexico
MF539982.1;ST3;ST;Homo sapiens;Mexico
MF539981.1;ST3;ST;Homo sapiens;Mexico
MF539980.1;ST3;ST;Homo sapiens;Mexico
MF539979.1;ST3;ST;Homo sapiens;Mexico
MF539978.1;ST3;ST;Homo sapiens;Mexico
MF539977.1;ST3;ST;Homo sapiens;Mexico
MF539976.1;ST3;ST;Homo sapiens;Mexico
MF539975.1;ST3;ST;Homo sapiens;Mexico
MF539974.1;ST3;ST;Homo sapiens;Mexico
MF539973.1;ST3;ST;Homo sapiens;Mexico
MF539972.1;ST3;ST;Homo sapiens;Mexico
MF539971.1;ST3;ST;Homo sapiens;Mexico
MF539970.1;ST3;ST;Homo sapiens;Mexico
MF539969.1;ST3;ST;Homo sapiens;Mexico
MF539968.1;ST3;ST;Homo sapiens;Mexico
MF539967.1;ST3;ST;Homo sapiens;Mexico
MF539966.1;ST3;ST;Homo sapiens;Mexico
MF539965.1;ST3;ST;Homo sapiens;Mexico
MF539964.1;ST3;ST;Homo sapiens;Mexico
MF539963.1;ST3;ST;Homo sapiens;Mexico
MF539962.1;ST3;ST;Homo sapiens;Mexico
MF326289.1;ST10;ST;Bovidae;China
MF326288.1;ST10;ST;Bovidae;China
MF326287.1;ST14;ST;Bovidae;China
MF326286.1;ST5;ST;Bovidae;China
MF326285.1;ST4;ST;Bovidae;China
MF326284.1;ST10;ST;Bovidae;China
MF326283.1;ST10;ST;Bovidae;China
MF326282.1;ST10;ST;Bovidae;China
MF326281.1;ST10;ST;Bovidae;China
MF326280.1;ST14;ST;Bovidae;China
MF326279.1;ST10;ST;Bovidae;China
MF326278.1;ST14;ST;Bovidae;China
MF326277.1;ST14;ST;Bovidae;China
MF326276.1;ST5;ST;Bovidae;China
KY964546.1;ST7;ST;Suidae;Philippines
KY964545.1;ST3;ST;Suidae;Philippines
KY964544.1;ST1;ST;Canidae;Philippines
KY964543.1;ST5;ST;Insecta;Philippines
KY964539.1;ST7;ST;Galliformes;Philippines
KY964538.1;ST7;ST;Galliformes;Philippines
KY964537.1;ST7;ST;Galliformes;Philippines
KY964536.1;ST7;ST;Galliformes;Philippines
KY964535.1;ST7;ST;Galliformes;Philippines
KY964534.1;ST7;ST;Galliformes;Philippines
KY964533.1;ST7;ST;Galliformes;Philippines
KY964532.1;ST7;ST;Galliformes;Philippines
KY964531.1;ST6;ST;Galliformes;Philippines
KY964530.1;ST7;ST;Anseriformes;Philippines
KY964529.1;ST7;ST;Anseriformes;Philippines
KY964528.1;ST7;ST;Anseriformes;Philippines
KY964527.1;ST7;ST;Anseriformes;Philippines
KY964526.1;ST7;ST;Anseriformes;Philippines
KY964525.1;ST7;ST;Anseriformes;Philippines
KY964524.1;ST7;ST;Anseriformes;Philippines
KY964523.1;ST7;ST;Anseriformes;Philippines
KY964522.1;ST7;ST;Anseriformes;Philippines
KY964521.1;ST7;ST;Anseriformes;Philippines
KY964520.1;ST7;ST;Anseriformes;Philippines
KY964519.1;ST7;ST;Anseriformes;Philippines
KY964518.1;ST7;ST;Anseriformes;Philippines
KY964517.1;ST7;ST;Galliformes;Philippines
KY964516.1;ST6;ST;Galliformes;Philippines
KY964515.1;ST7;ST;Galliformes;Philippines
KY964514.1;ST6;ST;Galliformes;Philippines
KY964513.1;ST6;ST;Galliformes;Philippines
KY964512.1;ST7;ST;Galliformes;Philippines
KY964511.1;ST6;ST;Galliformes;Philippines
KY964510.1;ST7;ST;Galliformes;Philippines
MG000957.1;ST5;ST;Suidae;China
MG000956.1;ST5;ST;Suidae;China
MG000955.1;ST5;ST;Suidae;China
MG000953.1;ST5;ST;Suidae;China
MG000952.1;ST5;ST;Suidae;China
MG000951.1;ST5;ST;Suidae;China
MG000950.1;ST5;ST;Suidae;China
MG000949.1;ST5;ST;Suidae;China
MG000948.1;ST5;ST;Suidae;China
MG000947.1;ST5;ST;Suidae;China
MG000946.1;ST5;ST;Suidae;China
MG720858.1;ST1;ST;Homo sapiens;Poland
MG720857.1;ST1;ST;Homo sapiens;Poland
MG720856.1;ST7;ST;Homo sapiens;Poland
MG720855.1;ST2;ST;Homo sapiens;Poland
KU684646.1;ST3;ST;Homo sapiens;Poland
KU684645.1;B. hominis;Species;Homo sapiens;Poland
KU684644.1;B. hominis;Species;Homo sapiens;Poland
KU684643.1;ST6;ST;Homo sapiens;Poland
KU684642.1;ST6;ST;Homo sapiens;Poland
MG720557.1;ST7;ST;Galliformes;India
MG720556.1;ST7;ST;Galliformes;India
KX755873.1;ST1;ST;Homo sapiens;Iran
KX755872.1;ST3;ST;Homo sapiens;Iran
KX755871.1;ST3;ST;Homo sapiens;Iran
KX755870.1;ST3;ST;Homo sapiens;Iran
KX755869.1;ST3;ST;Homo sapiens;Iran
KX755868.1;ST3;ST;Homo sapiens;Iran
KX755867.1;ST3;ST;Homo sapiens;Iran
KX755866.1;ST3;ST;Homo sapiens;Iran
KY681142.1;ST1;ST;Homo sapiens;China
KY681141.1;ST1;ST;Homo sapiens;China
KY681140.1;ST1;ST;Homo sapiens;China
KX618192.1;ST3;ST;Homo sapiens;Singapore
KX358442.1;ST1;ST;Homo sapiens;Laos
KX358441.1;ST1;ST;Homo sapiens;Laos
KX358440.1;ST1;ST;Homo sapiens;Laos
KX358439.1;ST1;ST;Homo sapiens;Laos
KX358438.1;ST1;ST;Homo sapiens;Laos
KX358437.1;ST2;ST;Homo sapiens;Laos
KX358436.1;ST3;ST;Homo sapiens;Laos
KX358435.1;ST7;ST;Homo sapiens;Laos
KX358434.1;ST2;ST;Homo sapiens;Laos
KX358433.1;ST1;ST;Homo sapiens;Laos
KX358432.1;ST1;ST;Homo sapiens;Laos
KX358431.1;ST1;ST;Homo sapiens;Laos
KX358430.1;ST1;ST;Homo sapiens;Laos
KX358429.1;ST1;ST;Homo sapiens;Laos
KX358428.1;ST1;ST;Homo sapiens;Laos
KX358427.1;ST3;ST;Homo sapiens;Laos
KX358426.1;ST1;ST;Homo sapiens;Laos
KR259512.1;B. hominis;Species;Squamata;France
KR259511.1;ST10;ST;Testudines;France
KR259510.1;B. hominis;Species;Testudines;France
KR259509.1;B. hominis;Species;Other_mammals;France
KR259508.1;ST8;ST;Squamata;France
KR259507.1;B. hominis;Species;Testudines;France
KR259506.1;B. hominis;Species;Primate;France
KR259505.1;ST15;ST;Primate;France
KR259504.1;B. hominis;Species;Tapiridae;France
KR259503.1;B. hominis;Species;Primate;France
KR259502.1;B. hominis;Species;Primate;France
KR259501.1;B. hominis;Species;Primate;France
KR259500.1;B. hominis;Species;Primate;France
KR259499.1;B. hominis;Species;Bovidae;France
KR259498.1;B. hominis;Species;Equidae;France
KR259497.1;B. hominis;Species;Other_mammals;France
KR259496.1;B. hominis;Species;Rodentia;France
KR259495.1;B. hominis;Species;Insecta;France
KR259494.1;B. hominis;Species;Insecta;France
KR259493.1;B. hominis;Species;Insecta;France
KR259492.1;B. hominis;Species;Rodentia;France
KR259491.1;B. hominis;Species;Primate;France
KR259490.1;B. hominis;Species;Primate;France
KR259489.1;ST7;ST;Primate;France
KR259488.1;B. hominis;Species;Primate;France
KR259487.1;B. hominis;Species;Aves;France
KR259486.1;B. hominis;Species;Aves;France
KR259485.1;B. hominis;Species;Aves;France
KR259484.1;B. hominis;Species;Aves;France
KR259483.1;B. hominis;Species;Aves;France
KR259482.1;B. hominis;Species;Aves;France
KR259481.1;B. hominis;Species;Galliformes;France
KR259480.1;B. hominis;Species;Macropodidae;France
KR259479.1;B. hominis;Species;Chiroptera;France
KR259478.1;B. hominis;Species;Chiroptera;France
KR259477.1;B. hominis;Species;Rodentia;France
KR259476.1;B. hominis;Species;Rodentia;France
KR259475.1;B. hominis;Species;Proboscidea;France
KR259474.1;B. hominis;Species;Proboscidea;France
KR259473.1;B. hominis;Species;Proboscidea;France
KR259472.1;B. hominis;Species;Proboscidea;France
KR259471.1;B. hominis;Species;Proboscidea;France
KR259470.1;B. hominis;Species;Tapiridae;France
KR259469.1;B. hominis;Species;Tapiridae;France
KR259468.1;B. hominis;Species;Equidae;France
KR259467.1;B. hominis;Species;Equidae;France
KR259466.1;B. hominis;Species;Equidae;France
KR259465.1;B. hominis;Species;Equidae;France
KR259464.1;B. hominis;Species;Bovidae;France
KR259463.1;B. hominis;Species;Bovidae;France
KR259462.1;B. hominis;Species;Bovidae;France
KR259461.1;B. hominis;Species;Bovidae;France
KR259460.1;B. hominis;Species;Bovidae;France
KR259459.1;B. hominis;Species;Bovidae;France
KR259458.1;B. hominis;Species;Bovidae;France
KR259457.1;B. hominis;Species;Bovidae;France
KR259456.1;B. hominis;Species;Bovidae;France
KR259455.1;B. hominis;Species;Bovidae;France
KR259454.1;B. hominis;Species;Bovidae;France
KR259453.1;B. hominis;Species;Bovidae;France
KR259452.1;B. hominis;Species;Bovidae;France
KR259451.1;B. hominis;Species;Bovidae;France
KR259450.1;B. hominis;Species;Bovidae;France
KR259449.1;B. hominis;Species;Bovidae;France
KR259448.1;B. hominis;Species;Giraffidae;France
KR259447.1;B. hominis;Species;Giraffidae;France
KR259446.1;B. hominis;Species;Giraffidae;France
KR259445.1;B. hominis;Species;Giraffidae;France
KR259444.1;B. hominis;Species;Giraffidae;France
KR259443.1;B. hominis;Species;Other_mammals;France
KR259442.1;B. hominis;Species;Other_mammals;France
KR259441.1;B. hominis;Species;Canidae;France
KR259440.1;B. hominis;Species;Felidae;France
KR259439.1;B. hominis;Species;Primate;France
KR259438.1;B. hominis;Species;Primate;France
KR259437.1;B. hominis;Species;Primate;France
KR259436.1;B. hominis;Species;Primate;France
KR259435.1;B. hominis;Species;Primate;France
KR259434.1;B. hominis;Species;Primate;France
KR259433.1;B. hominis;Species;Primate;France
KR259432.1;B. hominis;Species;Primate;France
KR259431.1;B. hominis;Species;Primate;France
KR259430.1;B. hominis;Species;Primate;France
KR259429.1;B. hominis;Species;Primate;France
KR259428.1;B. hominis;Species;Primate;France
KR259427.1;B. hominis;Species;Primate;France
KR259426.1;B. hominis;Species;Primate;France
KR259425.1;B. hominis;Species;Primate;France
KR259424.1;B. hominis;Species;Primate;France
KR259423.1;B. hominis;Species;Primate;France
KR259422.1;B. hominis;Species;Primate;France
KR259421.1;B. hominis;Species;Primate;France
KR259420.1;B. hominis;Species;Primate;France
KR259419.1;B. hominis;Species;Primate;France
KR259418.1;B. hominis;Species;Primate;France
KR259417.1;B. hominis;Species;Primate;France
KR259416.1;B. hominis;Species;Primate;France
KR259415.1;B. hominis;Species;Primate;France
KR259414.1;B. hominis;Species;Primate;France
KR259413.1;B. hominis;Species;Primate;France
KR259412.1;B. hominis;Species;Primate;France
KR259411.1;B. hominis;Species;Primate;France
KR259410.1;B. hominis;Species;Primate;France
KR259409.1;B. hominis;Species;Primate;France
KR259408.1;B. hominis;Species;Primate;France
KR259407.1;B. hominis;Species;Primate;France
KR259406.1;B. hominis;Species;Primate;France
KR259405.1;B. hominis;Species;Primate;France
KR259404.1;B. hominis;Species;Primate;France
KR259403.1;B. hominis;Species;Primate;France
KR259402.1;B. hominis;Species;Primate;France
KY019167.1;ST3;ST;Homo sapiens;China
KY019166.1;ST3;ST;Homo sapiens;China
KY019165.1;ST3;ST;Homo sapiens;China
KY019164.1;ST3;ST;Homo sapiens;China
KY019163.1;ST3;ST;Homo sapiens;China
KY019162.1;ST3;ST;Homo sapiens;China
KY019161.1;ST3;ST;Homo sapiens;China
KY019160.1;ST3;ST;Homo sapiens;China
KY019159.1;ST3;ST;Homo sapiens;China
KY019158.1;ST3;ST;Homo sapiens;China
KY019157.1;ST3;ST;Homo sapiens;China
KY019156.1;ST3;ST;Homo sapiens;China
KY019155.1;ST3;ST;Homo sapiens;China
KY019154.1;ST3;ST;Homo sapiens;China
KY019153.1;ST3;ST;Homo sapiens;China
KY019152.1;ST3;ST;Homo sapiens;China
KY019151.1;ST3;ST;Homo sapiens;China
KY019150.1;ST3;ST;Homo sapiens;China
KY019149.1;ST1;ST;Homo sapiens;China
KY019148.1;ST1;ST;Homo sapiens;China
KY019147.1;B. hominis;Species;Homo sapiens;China
KY019146.1;B. hominis;Species;Homo sapiens;China
KY019145.1;ST1;ST;Homo sapiens;China
KY019144.1;ST1;ST;Homo sapiens;China
KY019143.1;ST1;ST;Homo sapiens;China
KY019142.1;ST1;ST;Homo sapiens;China
KY019141.1;ST1;ST;Homo sapiens;China
KX378235.1;ST2;ST;Homo sapiens;Tunisia
KX378234.1;ST3;ST;Homo sapiens;Tunisia
KX378233.1;ST2;ST;Homo sapiens;Tunisia
KX378232.1;ST3;ST;Homo sapiens;Tunisia
KX378231.1;ST3;ST;Homo sapiens;Tunisia
KX378230.1;ST2;ST;Homo sapiens;Tunisia
KX378229.1;ST3;ST;Homo sapiens;Tunisia
KX378228.1;ST1;ST;Homo sapiens;Tunisia
KX378227.1;ST3;ST;Homo sapiens;Tunisia
KX378226.1;ST1;ST;Homo sapiens;Tunisia
KX378225.1;ST1;ST;Homo sapiens;Tunisia
KX378224.1;ST3;ST;Homo sapiens;Tunisia
KX378223.1;ST3;ST;Homo sapiens;Tunisia
KX378222.1;ST1;ST;Homo sapiens;Tunisia
KX378221.1;ST3;ST;Homo sapiens;Tunisia
KX378220.1;ST1;ST;Homo sapiens;Tunisia
KX378219.1;ST3;ST;Homo sapiens;Tunisia
KX378218.1;ST1;ST;Homo sapiens;Tunisia
KX378217.1;ST1;ST;Homo sapiens;Tunisia
KX378216.1;ST1;ST;Homo sapiens;Tunisia
KX378215.1;ST1;ST;Homo sapiens;Tunisia
KX378214.1;ST2;ST;Homo sapiens;Tunisia
KX378213.1;ST2;ST;Homo sapiens;Tunisia
KX378212.1;ST1;ST;Homo sapiens;Tunisia
KX378211.1;ST3;ST;Homo sapiens;Tunisia
KX378210.1;ST1;ST;Homo sapiens;Tunisia
KX378209.1;ST3;ST;Homo sapiens;Tunisia
KX378208.1;ST1;ST;Homo sapiens;Tunisia
KX378207.1;ST1;ST;Homo sapiens;Tunisia
KX378206.1;ST1;ST;Homo sapiens;Tunisia
KX378205.1;ST3;ST;Homo sapiens;Tunisia
KX378204.1;ST3;ST;Homo sapiens;Tunisia
KX378203.1;ST3;ST;Homo sapiens;Tunisia
KX378202.1;ST3;ST;Homo sapiens;Tunisia
KX378201.1;ST3;ST;Homo sapiens;Tunisia
KX378200.1;ST3;ST;Homo sapiens;Tunisia
KX378199.1;ST3;ST;Homo sapiens;Tunisia
KX378198.1;ST3;ST;Homo sapiens;Tunisia
KX378197.1;ST3;ST;Homo sapiens;Tunisia
KX378196.1;ST3;ST;Homo sapiens;Tunisia
KX378195.1;ST3;ST;Homo sapiens;Tunisia
KX378194.1;ST3;ST;Homo sapiens;Tunisia
KX378193.1;ST3;ST;Homo sapiens;Tunisia
KX378192.1;ST3;ST;Homo sapiens;Tunisia
KX378191.1;ST3;ST;Homo sapiens;Tunisia
KX378190.1;ST2;ST;Homo sapiens;Tunisia
KX378189.1;ST2;ST;Homo sapiens;Tunisia
KX378188.1;ST1;ST;Homo sapiens;Tunisia
KX378187.1;ST1;ST;Homo sapiens;Tunisia
KX378186.1;ST3;ST;Homo sapiens;Tunisia
KX378185.1;ST3;ST;Homo sapiens;Tunisia
KX378184.1;ST3;ST;Homo sapiens;Tunisia
KX378183.1;ST4;ST;Homo sapiens;Tunisia
KX378182.1;ST7;ST;Homo sapiens;Tunisia
KX378181.1;ST2;ST;Homo sapiens;Tunisia
KX378180.1;ST2;ST;Homo sapiens;Tunisia
KX378179.1;ST3;ST;Homo sapiens;Tunisia
KX378178.1;ST1;ST;Homo sapiens;Tunisia
KX378177.1;ST1;ST;Homo sapiens;Tunisia
KX378176.1;ST2;ST;Homo sapiens;Tunisia
KX378175.1;ST3;ST;Homo sapiens;Tunisia
KU147403.1;ST3;ST;Homo sapiens;Mexico
KU147402.1;ST3;ST;Homo sapiens;Mexico
KU147401.1;ST3;ST;Homo sapiens;Mexico
KU147400.1;ST3;ST;Homo sapiens;Mexico
KU147399.1;ST3;ST;Homo sapiens;Mexico
KU147398.1;ST3;ST;Homo sapiens;Mexico
KU147397.1;ST3;ST;Homo sapiens;Mexico
KU147396.1;ST3;ST;Homo sapiens;Mexico
KU147395.1;ST3;ST;Homo sapiens;Mexico
KU147394.1;ST3;ST;Homo sapiens;Mexico
KU147393.1;ST3;ST;Homo sapiens;Mexico
KU147392.1;ST3;ST;Homo sapiens;Mexico
KU147391.1;ST3;ST;Homo sapiens;Mexico
KU147390.1;ST3;ST;Homo sapiens;Mexico
KU147389.1;ST3;ST;Homo sapiens;Mexico
KU147388.1;ST3;ST;Homo sapiens;Mexico
KU147387.1;ST3;ST;Homo sapiens;Mexico
KU147386.1;ST3;ST;Homo sapiens;Mexico
KU147385.1;ST3;ST;Homo sapiens;Mexico
KU147384.1;ST3;ST;Homo sapiens;Mexico
KU147383.1;ST3;ST;Homo sapiens;Mexico
KU147382.1;ST3;ST;Homo sapiens;Mexico
KU147381.1;ST3;ST;Homo sapiens;Mexico
KU147380.1;ST3;ST;Homo sapiens;Mexico
KU147379.1;ST3;ST;Homo sapiens;Mexico
KU147378.1;ST3;ST;Homo sapiens;Mexico
KU147377.1;ST3;ST;Homo sapiens;Mexico
KU147376.1;ST3;ST;Homo sapiens;Mexico
KU147375.1;ST3;ST;Homo sapiens;Mexico
KU147374.1;ST3;ST;Homo sapiens;Mexico
KU147373.1;ST3;ST;Homo sapiens;Mexico
KU147372.1;ST3;ST;Homo sapiens;Mexico
KU147371.1;ST3;ST;Homo sapiens;Mexico
KU147370.1;ST3;ST;Homo sapiens;Mexico
KU147369.1;ST3;ST;Homo sapiens;Mexico
KU147368.1;ST3;ST;Homo sapiens;Mexico
KU147367.1;ST3;ST;Homo sapiens;Mexico
KU147366.1;ST3;ST;Homo sapiens;Mexico
KU147365.1;ST3;ST;Homo sapiens;Mexico
KU147364.1;ST3;ST;Homo sapiens;Mexico
KU147363.1;ST3;ST;Homo sapiens;Mexico
KU147362.1;ST3;ST;Homo sapiens;Mexico
KU147361.1;ST2;ST;Homo sapiens;Mexico
KU147360.1;ST2;ST;Homo sapiens;Mexico
KU147359.1;ST2;ST;Homo sapiens;Mexico
KU147358.1;ST2;ST;Homo sapiens;Mexico
KU147357.1;ST2;ST;Homo sapiens;Mexico
KU147356.1;ST2;ST;Homo sapiens;Mexico
KU147355.1;ST2;ST;Homo sapiens;Mexico
KU147354.1;ST2;ST;Homo sapiens;Mexico
KU147353.1;ST1;ST;Homo sapiens;Mexico
KU147352.1;ST1;ST;Homo sapiens;Mexico
KU147351.1;ST1;ST;Homo sapiens;Mexico
KU147350.1;ST1;ST;Homo sapiens;Mexico
KU147349.1;ST1;ST;Homo sapiens;Mexico
KU147348.1;ST1;ST;Homo sapiens;Mexico
KU147347.1;ST1;ST;Homo sapiens;Mexico
KU147346.1;ST1;ST;Homo sapiens;Mexico
KU147345.1;ST1;ST;Homo sapiens;Mexico
KU147344.1;ST1;ST;Homo sapiens;Mexico
KU147343.1;ST1;ST;Homo sapiens;Mexico
KU147342.1;ST1;ST;Homo sapiens;Mexico
KU147341.1;ST1;ST;Homo sapiens;Mexico
KU147340.1;ST1;ST;Homo sapiens;Mexico
KU147339.1;ST1;ST;Homo sapiens;Mexico
KU147338.1;ST1;ST;Homo sapiens;Mexico
KU147337.1;ST1;ST;Homo sapiens;Mexico
KU147336.1;ST1;ST;Homo sapiens;Mexico
KU147335.1;ST1;ST;Homo sapiens;Mexico
KU147334.1;ST1;ST;Homo sapiens;Mexico
KU147333.1;ST1;ST;Homo sapiens;Mexico
KU147332.1;ST1;ST;Homo sapiens;Mexico
KU147331.1;ST1;ST;Homo sapiens;Mexico
KU147330.1;ST1;ST;Homo sapiens;Mexico
KU147329.1;ST1;ST;Homo sapiens;Mexico
KU147328.1;ST1;ST;Homo sapiens;Mexico
KU147327.1;ST1;ST;Homo sapiens;Mexico
KU147326.1;ST1;ST;Homo sapiens;Mexico
KU147325.1;ST1;ST;Homo sapiens;Mexico
KU147324.1;ST1;ST;Homo sapiens;Mexico
KT374040.1;ST5;ST;Suidae;Philippines
KT374039.1;ST1;ST;Suidae;Philippines
KT374038.1;ST5;ST;Suidae;Philippines
KT374037.1;ST1;ST;Suidae;Philippines
KT374036.1;ST5;ST;Suidae;Philippines
KT374035.1;ST1;ST;Suidae;Philippines
KT374034.1;ST5;ST;Suidae;Philippines
KT374033.1;ST5;ST;Suidae;Philippines
KT374032.1;ST5;ST;Suidae;Philippines
KT374031.1;ST5;ST;Suidae;Philippines
KT374030.1;ST5;ST;Suidae;Philippines
KT374029.1;ST5;ST;Suidae;Philippines
KT374028.1;ST5;ST;Suidae;Philippines
KT374027.1;ST5;ST;Suidae;Philippines
KT374026.1;ST3;ST;Homo sapiens;Philippines
KT374025.1;ST3;ST;Homo sapiens;Philippines
KT374024.1;ST3;ST;Homo sapiens;Philippines
KT374023.1;ST3;ST;Homo sapiens;Philippines
KT374022.1;ST3;ST;Homo sapiens;Philippines
KT374021.1;ST1;ST;Homo sapiens;Philippines
KT374020.1;ST1;ST;Homo sapiens;Philippines
KT374019.1;ST1;ST;Homo sapiens;Philippines
KT374018.1;ST1;ST;Homo sapiens;Philippines
KT374017.1;ST1;ST;Homo sapiens;Philippines
KU159084.1;B. hominis;Species;Homo sapiens;France
KU159083.1;B. hominis;Species;Homo sapiens;France
KU159082.1;B. hominis;Species;Homo sapiens;France
KU159081.1;B. hominis;Species;Homo sapiens;France
KU159080.1;B. hominis;Species;Homo sapiens;France
KU159079.1;B. hominis;Species;Homo sapiens;France
KU159078.1;B. hominis;Species;Homo sapiens;France
KU159077.1;B. hominis;Species;Homo sapiens;France
KU159076.1;B. hominis;Species;Homo sapiens;France
KU159075.1;B. hominis;Species;Homo sapiens;France
KU159074.1;B. hominis;Species;Homo sapiens;France
KU159073.1;B. hominis;Species;Homo sapiens;France
KU159072.1;B. hominis;Species;Homo sapiens;France
KU159071.1;B. hominis;Species;Homo sapiens;France
KU159070.1;B. hominis;Species;Homo sapiens;France
KU159069.1;B. hominis;Species;Homo sapiens;France
KU159068.1;B. hominis;Species;Homo sapiens;France
KU159067.1;B. hominis;Species;Homo sapiens;France
KU159066.1;B. hominis;Species;Homo sapiens;France
KU159065.1;B. hominis;Species;Homo sapiens;France
KU159064.1;B. hominis;Species;Homo sapiens;France
KU159063.1;B. hominis;Species;Homo sapiens;France
KU159062.1;B. hominis;Species;Homo sapiens;France
KU159061.1;ST7;ST;Homo sapiens;France
KU159060.1;B. hominis;Species;Homo sapiens;France
KU159059.1;B. hominis;Species;Homo sapiens;France
KU159058.1;B. hominis;Species;Homo sapiens;France
KU159057.1;B. hominis;Species;Homo sapiens;France
KU159056.1;B. hominis;Species;Homo sapiens;France
KU159055.1;B. hominis;Species;Homo sapiens;France
KU159054.1;B. hominis;Species;Homo sapiens;France
KU159053.1;B. hominis;Species;Homo sapiens;France
KU159052.1;B. hominis;Species;Homo sapiens;France
KU159051.1;B. hominis;Species;Homo sapiens;France
KU159050.1;B. hominis;Species;Homo sapiens;France
KU159049.1;B. hominis;Species;Homo sapiens;France
KU159048.1;B. hominis;Species;Homo sapiens;France
KU159047.1;B. hominis;Species;Homo sapiens;France
KU159046.1;B. hominis;Species;Homo sapiens;France
KU159045.1;B. hominis;Species;Homo sapiens;France
KU159044.1;B. hominis;Species;Homo sapiens;France
KU159043.1;B. hominis;Species;Homo sapiens;France
KU159042.1;B. hominis;Species;Homo sapiens;France
KU159041.1;B. hominis;Species;Homo sapiens;France
KU159040.1;B. hominis;Species;Homo sapiens;France
KU159039.1;B. hominis;Species;Homo sapiens;France
KU159038.1;B. hominis;Species;Homo sapiens;France
KU159037.1;B. hominis;Species;Homo sapiens;France
KU159036.1;B. hominis;Species;Homo sapiens;France
KU159035.1;B. hominis;Species;Homo sapiens;France
KU159034.1;B. hominis;Species;Homo sapiens;France
KU159033.1;B. hominis;Species;Homo sapiens;France
KU159032.1;B. hominis;Species;Homo sapiens;France
KU159031.1;B. hominis;Species;Homo sapiens;France
KU159030.1;B. hominis;Species;Homo sapiens;France
KU159029.1;B. hominis;Species;Homo sapiens;France
KU159028.1;B. hominis;Species;Homo sapiens;France
KU159027.1;B. hominis;Species;Homo sapiens;France
KU159026.1;B. hominis;Species;Homo sapiens;France
KU159025.1;B. hominis;Species;Homo sapiens;France
KU159024.1;B. hominis;Species;Homo sapiens;France
KU159023.1;B. hominis;Species;Homo sapiens;France
KU159022.1;B. hominis;Species;Homo sapiens;France
KU159021.1;B. hominis;Species;Homo sapiens;France
KU159020.1;B. hominis;Species;Homo sapiens;France
KU159019.1;B. hominis;Species;Homo sapiens;France
KU159018.1;B. hominis;Species;Homo sapiens;France
KU159017.1;B. hominis;Species;Homo sapiens;France
KU159016.1;B. hominis;Species;Homo sapiens;France
KU159015.1;B. hominis;Species;Homo sapiens;France
KU159014.1;B. hominis;Species;Homo sapiens;France
KU159013.1;B. hominis;Species;Homo sapiens;France
KU159012.1;B. hominis;Species;Homo sapiens;France
KU159011.1;B. hominis;Species;Homo sapiens;France
KU159010.1;B. hominis;Species;Homo sapiens;France
KU159009.1;B. hominis;Species;Homo sapiens;France
KU159008.1;B. hominis;Species;Homo sapiens;France
KU159007.1;B. hominis;Species;Homo sapiens;France
KU159006.1;B. hominis;Species;Homo sapiens;France
KU159005.1;B. hominis;Species;Homo sapiens;France
KU159004.1;B. hominis;Species;Homo sapiens;France
KU159003.1;B. hominis;Species;Homo sapiens;France
KU159002.1;B. hominis;Species;Homo sapiens;France
KU159001.1;B. hominis;Species;Homo sapiens;France
KU159000.1;B. hominis;Species;Homo sapiens;France
KU158999.1;B. hominis;Species;Homo sapiens;France
KU158998.1;B. hominis;Species;Homo sapiens;France
KU158997.1;B. hominis;Species;Homo sapiens;France
KU158996.1;B. hominis;Species;Homo sapiens;France
KU158995.1;B. hominis;Species;Homo sapiens;France
KU158994.1;B. hominis;Species;Homo sapiens;France
KU158993.1;B. hominis;Species;Homo sapiens;France
KU158992.1;B. hominis;Species;Homo sapiens;France
KU158991.1;B. hominis;Species;Homo sapiens;France
KU158990.1;B. hominis;Species;Homo sapiens;France
KU158989.1;B. hominis;Species;Homo sapiens;France
KU158988.1;B. hominis;Species;Homo sapiens;France
KU158987.1;B. hominis;Species;Homo sapiens;France
KU158986.1;B. hominis;Species;Homo sapiens;France
KU158985.1;B. hominis;Species;Homo sapiens;France
KU158984.1;B. hominis;Species;Homo sapiens;France
KU158983.1;B. hominis;Species;Homo sapiens;France
KU158982.1;B. hominis;Species;Homo sapiens;France
KU158981.1;B. hominis;Species;Homo sapiens;France
KU158980.1;B. hominis;Species;Homo sapiens;France
KU158979.1;B. hominis;Species;Homo sapiens;France
KU158978.1;B. hominis;Species;Homo sapiens;France
KU158977.1;B. hominis;Species;Homo sapiens;France
KU158976.1;B. hominis;Species;Homo sapiens;France
KU158975.1;B. hominis;Species;Homo sapiens;France
KU158974.1;B. hominis;Species;Homo sapiens;France
KU158973.1;B. hominis;Species;Homo sapiens;France
KU158972.1;B. hominis;Species;Homo sapiens;France
KU158971.1;B. hominis;Species;Homo sapiens;France
KU158970.1;B. hominis;Species;Homo sapiens;France
KU158969.1;B. hominis;Species;Homo sapiens;France
KU158968.1;B. hominis;Species;Homo sapiens;France
KU158967.1;B. hominis;Species;Homo sapiens;France
KU158966.1;B. hominis;Species;Homo sapiens;France
KU158965.1;B. hominis;Species;Homo sapiens;France
KU158964.1;B. hominis;Species;Homo sapiens;France
KU158963.1;B. hominis;Species;Homo sapiens;France
KU158962.1;B. hominis;Species;Homo sapiens;France
KU158961.1;B. hominis;Species;Homo sapiens;France
KU158960.1;B. hominis;Species;Homo sapiens;France
KU158959.1;B. hominis;Species;Homo sapiens;France
KU158958.1;B. hominis;Species;Homo sapiens;France
KU158957.1;B. hominis;Species;Homo sapiens;France
KU158956.1;B. hominis;Species;Homo sapiens;France
KU158955.1;B. hominis;Species;Homo sapiens;France
KU158954.1;B. hominis;Species;Homo sapiens;France
KU158953.1;B. hominis;Species;Homo sapiens;France
KU158952.1;B. hominis;Species;Homo sapiens;France
KU158951.1;B. hominis;Species;Homo sapiens;France
KU158950.1;B. hominis;Species;Homo sapiens;France
KU158949.1;B. hominis;Species;Homo sapiens;France
KU158948.1;B. hominis;Species;Homo sapiens;France
KU158947.1;B. hominis;Species;Homo sapiens;France
KU158946.1;B. hominis;Species;Homo sapiens;France
KU158945.1;B. hominis;Species;Homo sapiens;France
KU158944.1;B. hominis;Species;Homo sapiens;France
KU719570.1;ST3;ST;Homo sapiens;Iran
KU719569.1;ST3;ST;Homo sapiens;Iran
KU719568.1;ST3;ST;Homo sapiens;Iran
KU719567.1;ST3;ST;Homo sapiens;Iran
KU719566.1;ST3;ST;Homo sapiens;Iran
KU719565.1;B. hominis;Species;Homo sapiens;Iran
KU719564.1;B. hominis;Species;Homo sapiens;Iran
KU719563.1;B. hominis;Species;Homo sapiens;Iran
KU719562.1;B. hominis;Species;Homo sapiens;Iran
KU719561.1;B. hominis;Species;Homo sapiens;Iran
KU719560.1;B. hominis;Species;Homo sapiens;Iran
KU719559.1;B. hominis;Species;Homo sapiens;Iran
KU719558.1;ST3;ST;Homo sapiens;Iran
KU719557.1;B. hominis;Species;Homo sapiens;Iran
KU719556.1;ST3;ST;Homo sapiens;Iran
KU719555.1;ST3;ST;Homo sapiens;Iran
KU719554.1;B. hominis;Species;Homo sapiens;Iran
KU719553.1;ST3;ST;Homo sapiens;Iran
KU719552.1;B. hominis;Species;Homo sapiens;Iran
KU719551.1;ST2;ST;Homo sapiens;Iran
KU719550.1;ST2;ST;Homo sapiens;Iran
KU719549.1;ST2;ST;Homo sapiens;Iran
KU719548.1;ST2;ST;Homo sapiens;Iran
KU719547.1;ST2;ST;Homo sapiens;Iran
KU719546.1;ST2;ST;Homo sapiens;Iran
KU719545.1;ST2;ST;Homo sapiens;Iran
KU719544.1;ST2;ST;Homo sapiens;Iran
KU719543.1;ST2;ST;Homo sapiens;Iran
KU719542.1;ST2;ST;Homo sapiens;Iran
KU719541.1;ST2;ST;Homo sapiens;Iran
KU719540.1;B. hominis;Species;Homo sapiens;Iran
KU719539.1;ST2;ST;Homo sapiens;Iran
KU719538.1;ST2;ST;Homo sapiens;Iran
KU719537.1;ST2;ST;Homo sapiens;Iran
KU719536.1;ST2;ST;Homo sapiens;Iran
KU719535.1;ST2;ST;Homo sapiens;Iran
KU719534.1;ST2;ST;Homo sapiens;Iran
KU719533.1;ST2;ST;Homo sapiens;Iran
KU719532.1;ST2;ST;Homo sapiens;Iran
KU719531.1;ST2;ST;Homo sapiens;Iran
KU719530.1;ST1;ST;Homo sapiens;Iran
KU719529.1;ST1;ST;Homo sapiens;Iran
KU719528.1;ST1;ST;Homo sapiens;Iran
KU719527.1;B. hominis;Species;Homo sapiens;Iran
KU719526.1;B. hominis;Species;Homo sapiens;Iran
KU719525.1;ST1;ST;Homo sapiens;Iran
KU719524.1;ST1;ST;Homo sapiens;Iran
KU719523.1;B. hominis;Species;Homo sapiens;Iran
KU719522.1;ST1;ST;Homo sapiens;Iran
KU719521.1;ST1;ST;Homo sapiens;Iran
KU719520.1;B. hominis;Species;Homo sapiens;Iran
KU719519.1;ST1;ST;Homo sapiens;Iran
KU719518.1;ST1;ST;Homo sapiens;Iran
KU719517.1;B. hominis;Species;Homo sapiens;Iran
KU719516.1;ST1;ST;Homo sapiens;Iran
KU719515.1;B. hominis;Species;Homo sapiens;Iran
KU719514.1;ST1;ST;Homo sapiens;Iran
KU719513.1;ST1;ST;Homo sapiens;Iran
KU719512.1;B. hominis;Species;Homo sapiens;Iran
KU146575.1;ST5;ST;Testudines;Poland
KT438710.1;ST5;ST;Testudines;Japan
KT438709.1;ST5;ST;Testudines;Japan
KT438707.1;ST5;ST;Testudines;Japan
KT438705.1;ST5;ST;Testudines;Japan
KT438704.1;ST1;ST;Homo sapiens;Japan
KT438703.1;ST9;ST;Homo sapiens;Japan
KT438702.1;ST7;ST;Homo sapiens;Japan
KT438701.1;ST7;ST;Homo sapiens;Japan
KT438700.1;ST3;ST;Homo sapiens;Japan
KT438699.1;ST1;ST;Homo sapiens;Japan
KT438698.1;ST7;ST;Homo sapiens;Japan
KT438697.1;ST6;ST;Homo sapiens;Japan
KT438696.1;ST3;ST;Homo sapiens;Japan
KT438695.1;ST3;ST;Homo sapiens;Japan
KT438694.1;ST2;ST;Homo sapiens;Japan
KT438693.1;ST6;ST;Homo sapiens;Japan
KT438692.1;ST6;ST;Homo sapiens;Japan
KT438691.1;ST3;ST;Homo sapiens;Japan
KT438690.1;ST1;ST;Homo sapiens;Japan
KT438689.1;ST3;ST;Homo sapiens;Japan
KT438688.1;ST6;ST;Homo sapiens;Japan
KT438687.1;ST9;ST;Homo sapiens;Japan
KT438686.1;ST6;ST;Homo sapiens;Japan
KT438685.1;ST3;ST;Homo sapiens;Japan
KU311857.1;ST2;ST;Homo sapiens;Lebanon
KU311856.1;ST3;ST;Homo sapiens;Lebanon
KU311855.1;ST3;ST;Homo sapiens;Lebanon
KU311854.1;ST1;ST;Homo sapiens;Lebanon
KU311853.1;ST3;ST;Homo sapiens;Lebanon
KU311852.1;ST1;ST;Homo sapiens;Lebanon
KU311851.1;ST3;ST;Homo sapiens;Lebanon
KU311850.1;ST3;ST;Homo sapiens;Lebanon
KU311849.1;ST3;ST;Homo sapiens;Lebanon
KU311848.1;ST3;ST;Homo sapiens;Lebanon
KU311847.1;ST3;ST;Homo sapiens;Lebanon
KU311846.1;ST3;ST;Homo sapiens;Lebanon
KU311845.1;ST2;ST;Homo sapiens;Lebanon
KU311844.1;ST3;ST;Homo sapiens;Lebanon
KU311843.1;ST2;ST;Homo sapiens;Lebanon
KU311842.1;ST2;ST;Homo sapiens;Lebanon
KU311841.1;ST3;ST;Homo sapiens;Lebanon
KU311840.1;ST3;ST;Homo sapiens;Lebanon
KU311839.1;ST1;ST;Homo sapiens;Lebanon
KU311838.1;ST3;ST;Homo sapiens;Lebanon
KU311837.1;ST1;ST;Homo sapiens;Lebanon
KU311836.1;ST3;ST;Homo sapiens;Lebanon
KU311835.1;ST2;ST;Homo sapiens;Lebanon
KU311834.1;ST2;ST;Homo sapiens;Lebanon
KU311833.1;ST3;ST;Homo sapiens;Lebanon
KU311832.1;ST2;ST;Homo sapiens;Lebanon
KU311831.1;ST2;ST;Homo sapiens;Lebanon
KU311830.1;ST2;ST;Homo sapiens;Lebanon
KU311829.1;ST3;ST;Homo sapiens;Lebanon
KU311828.1;ST1;ST;Homo sapiens;Lebanon
KU311827.1;ST2;ST;Homo sapiens;Lebanon
KU311826.1;ST3;ST;Homo sapiens;Lebanon
KU311825.1;ST2;ST;Homo sapiens;Lebanon
KU311824.1;ST1;ST;Homo sapiens;Lebanon
KU311823.1;ST3;ST;Homo sapiens;Lebanon
KU311822.1;ST1;ST;Homo sapiens;Lebanon
KU311821.1;ST2;ST;Homo sapiens;Lebanon
KU311820.1;ST1;ST;Homo sapiens;Lebanon
KU311819.1;ST2;ST;Homo sapiens;Lebanon
KU311818.1;ST2;ST;Homo sapiens;Lebanon
KU311817.1;ST2;ST;Homo sapiens;Lebanon
KU311816.1;ST3;ST;Homo sapiens;Lebanon
KU311815.1;ST3;ST;Homo sapiens;Lebanon
KU311814.1;ST3;ST;Homo sapiens;Lebanon
KU311813.1;ST3;ST;Homo sapiens;Lebanon
KU311812.1;ST3;ST;Homo sapiens;Lebanon
KU311811.1;ST2;ST;Homo sapiens;Lebanon
KU311810.1;ST3;ST;Homo sapiens;Lebanon
KU311809.1;ST3;ST;Homo sapiens;Lebanon
KU311808.1;ST2;ST;Homo sapiens;Lebanon
KU311807.1;ST1;ST;Homo sapiens;Lebanon
KU311806.1;ST1;ST;Homo sapiens;Lebanon
KU311805.1;ST1;ST;Homo sapiens;Lebanon
KU311804.1;ST2;ST;Homo sapiens;Lebanon
KU311803.1;ST1;ST;Homo sapiens;Lebanon
KU311802.1;ST2;ST;Homo sapiens;Lebanon
KU311801.1;ST2;ST;Homo sapiens;Lebanon
KU311800.1;ST2;ST;Homo sapiens;Lebanon
KU311799.1;ST2;ST;Homo sapiens;Lebanon
KU311798.1;ST3;ST;Homo sapiens;Lebanon
KU311797.1;ST1;ST;Homo sapiens;Lebanon
KU311796.1;ST1;ST;Homo sapiens;Lebanon
KU311795.1;ST1;ST;Homo sapiens;Lebanon
KU311794.1;ST2;ST;Homo sapiens;Lebanon
KU311793.1;ST3;ST;Homo sapiens;Lebanon
KU311792.1;ST3;ST;Homo sapiens;Lebanon
KU311791.1;ST3;ST;Homo sapiens;Lebanon
KU311790.1;ST1;ST;Homo sapiens;Lebanon
KU311789.1;ST1;ST;Homo sapiens;Lebanon
KU311788.1;ST3;ST;Homo sapiens;Lebanon
KU311787.1;ST2;ST;Homo sapiens;Lebanon
KU311786.1;ST2;ST;Homo sapiens;Lebanon
KU311785.1;ST2;ST;Homo sapiens;Lebanon
KU311784.1;ST2;ST;Homo sapiens;Lebanon
KU311783.1;ST3;ST;Homo sapiens;Lebanon
KU311782.1;ST1;ST;Homo sapiens;Lebanon
KU311781.1;ST1;ST;Homo sapiens;Lebanon
KU311780.1;ST1;ST;Homo sapiens;Lebanon
KU311779.1;ST3;ST;Homo sapiens;Lebanon
KU311778.1;ST3;ST;Homo sapiens;Lebanon
KU311777.1;ST1;ST;Homo sapiens;Lebanon
KU311776.1;ST3;ST;Homo sapiens;Lebanon
KU311775.1;ST2;ST;Homo sapiens;Lebanon
KU311774.1;ST3;ST;Homo sapiens;Lebanon
KU311773.1;ST3;ST;Homo sapiens;Lebanon
KU311772.1;ST2;ST;Homo sapiens;Lebanon
KU311771.1;ST1;ST;Homo sapiens;Lebanon
KU311770.1;ST2;ST;Homo sapiens;Lebanon
KU311769.1;ST3;ST;Homo sapiens;Lebanon
KU311768.1;ST3;ST;Homo sapiens;Lebanon
KU311767.1;ST3;ST;Homo sapiens;Lebanon
KU311766.1;ST3;ST;Homo sapiens;Lebanon
KU311765.1;ST3;ST;Homo sapiens;Lebanon
KU311764.1;ST3;ST;Homo sapiens;Lebanon
KU311763.1;ST1;ST;Homo sapiens;Lebanon
KU311762.1;ST3;ST;Homo sapiens;Lebanon
KU311761.1;ST2;ST;Homo sapiens;Lebanon
KU311760.1;ST2;ST;Homo sapiens;Lebanon
KU311759.1;ST3;ST;Homo sapiens;Lebanon
KU311758.1;ST3;ST;Homo sapiens;Lebanon
KU311757.1;ST1;ST;Homo sapiens;Lebanon
KU311756.1;ST1;ST;Homo sapiens;Lebanon
KU311755.1;ST3;ST;Homo sapiens;Lebanon
KU311754.1;ST3;ST;Homo sapiens;Lebanon
KU311753.1;ST3;ST;Homo sapiens;Lebanon
KU311752.1;ST3;ST;Homo sapiens;Lebanon
KU311751.1;ST1;ST;Homo sapiens;Lebanon
KU311750.1;ST1;ST;Homo sapiens;Lebanon
KU311749.1;ST3;ST;Homo sapiens;Lebanon
KU311748.1;ST3;ST;Homo sapiens;Lebanon
KU311747.1;ST1;ST;Homo sapiens;Lebanon
KU311746.1;ST2;ST;Homo sapiens;Lebanon
KU311745.1;ST3;ST;Homo sapiens;Lebanon
KU311744.1;ST3;ST;Homo sapiens;Lebanon
KU311743.1;ST1;ST;Homo sapiens;Lebanon
KU311742.1;ST3;ST;Homo sapiens;Lebanon
KU311741.1;ST2;ST;Homo sapiens;Lebanon
KU311740.1;ST3;ST;Homo sapiens;Lebanon
KU311739.1;ST2;ST;Homo sapiens;Lebanon
KU311738.1;ST1;ST;Homo sapiens;Lebanon
KU311737.1;ST1;ST;Homo sapiens;Lebanon
KU311736.1;ST3;ST;Homo sapiens;Lebanon
KU311735.1;ST3;ST;Homo sapiens;Lebanon
KU311734.1;ST3;ST;Homo sapiens;Lebanon
KU311733.1;ST2;ST;Homo sapiens;Lebanon
KU311732.1;ST2;ST;Homo sapiens;Lebanon
KU311731.1;ST1;ST;Homo sapiens;Lebanon
KU311730.1;ST3;ST;Homo sapiens;Lebanon
KU311729.1;ST2;ST;Homo sapiens;Lebanon
KU311728.1;ST3;ST;Homo sapiens;Lebanon
KU311727.1;ST3;ST;Homo sapiens;Lebanon
KU311726.1;ST2;ST;Homo sapiens;Lebanon
KU311725.1;ST3;ST;Homo sapiens;Lebanon
KU311724.1;ST1;ST;Homo sapiens;Lebanon
KU311723.1;ST1;ST;Homo sapiens;Lebanon
KU311722.1;ST3;ST;Homo sapiens;Lebanon
KU311721.1;ST3;ST;Homo sapiens;Lebanon
KU311720.1;ST1;ST;Homo sapiens;Lebanon
KT819623.1;ST1;ST;Homo sapiens;Thailand
KT819622.1;ST3;ST;Homo sapiens;Thailand
KT819621.1;ST1;ST;Homo sapiens;Thailand
KT819620.1;ST3;ST;Homo sapiens;Thailand
KT819615.1;ST5;ST;Suidae;Thailand
KT819614.1;ST5;ST;Suidae;Thailand
KT819613.1;ST5;ST;Suidae;Thailand
KT819612.1;ST5;ST;Suidae;Thailand
KT819611.1;ST5;ST;Suidae;Thailand
KT819610.1;ST5;ST;Suidae;Thailand
KT819609.1;ST5;ST;Suidae;Thailand
KT819608.1;ST5;ST;Suidae;Thailand
KT819607.1;ST5;ST;Suidae;Thailand
KT819606.1;ST5;ST;Suidae;Thailand
KT819605.1;ST5;ST;Suidae;Thailand
KT819604.1;ST5;ST;Suidae;Thailand
KT819603.1;ST5;ST;Suidae;Thailand
KT819602.1;ST5;ST;Suidae;Thailand
KT819601.1;ST5;ST;Suidae;Thailand
KT819600.1;ST5;ST;Suidae;Thailand
KT819599.1;ST5;ST;Suidae;Thailand
KT819598.1;ST1;ST;Suidae;Thailand
KT819597.1;ST5;ST;Suidae;Thailand
KT819596.1;ST1;ST;Suidae;Thailand
KT819595.1;ST1;ST;Suidae;Thailand
KT819594.1;ST5;ST;Suidae;Thailand
KT819593.1;ST5;ST;Suidae;Thailand
KT819592.1;ST5;ST;Suidae;Thailand
KT819591.1;ST1;ST;Suidae;Thailand
KT819590.1;ST1;ST;Suidae;Thailand
KT819589.1;ST1;ST;Suidae;Thailand
KT819588.1;ST3;ST;Suidae;Thailand
AB915214.1;ST4;ST;Homo sapiens;Iran
AB915213.1;ST4;ST;Homo sapiens;Iran
AB915212.1;Blastocystis sp.;Unclassified;Homo sapiens;Iran
AB915211.1;ST4;ST;Homo sapiens;Iran
AB915210.1;ST4;ST;Homo sapiens;Iran
AB915209.1;ST5;ST;Homo sapiens;Iran
AB915208.1;ST3;ST;Homo sapiens;Iran
AB915207.1;ST5;ST;Homo sapiens;Iran
AB915206.1;Blastocystis sp.;Unclassified;Homo sapiens;Iran
AB915205.1;ST7;ST;Homo sapiens;Iran
AB915204.1;Blastocystis sp.;Unclassified;Homo sapiens;Iran
AB915203.1;ST4;ST;Homo sapiens;Iran
AB915202.1;ST4;ST;Homo sapiens;Iran
AB915201.1;ST7;ST;Homo sapiens;Iran
AB915200.1;Blastocystis sp.;Unclassified;Homo sapiens;Iran
AB915199.1;ST7;ST;Homo sapiens;Iran
AB915198.1;ST3;ST;Homo sapiens;Iran
AB915197.1;ST4;ST;Homo sapiens;Iran
AB915196.1;ST4;ST;Homo sapiens;Iran
AB915195.1;Blastocystis sp.;Unclassified;Homo sapiens;Iran
AB915194.1;ST4;ST;Homo sapiens;Iran
KP890050.1;ST2;ST;Canidae;France
KP890049.1;ST2;ST;Canidae;France
KP890048.1;ST10;ST;Canidae;France
KP890047.1;ST10;ST;Canidae;France
KP284175.1;ST8;ST;Homo sapiens;Italy
KP284174.1;ST6;ST;Homo sapiens;Italy
KP284173.1;ST4;ST;Homo sapiens;Italy
KP284172.1;ST3;ST;Homo sapiens;Italy
KP284171.1;ST3;ST;Homo sapiens;Italy
KP284170.1;ST2;ST;Homo sapiens;Italy
KP284169.1;ST2;ST;Homo sapiens;Italy
KP284168.1;ST1;ST;Homo sapiens;Italy
KP284167.1;ST1;ST;Homo sapiens;Italy
KM438236.1;ST1;ST;Homo sapiens;India
KM438235.1;ST20;ST;Homo sapiens;Sri Lanka
KM438234.1;ST31;ST;Homo sapiens;Ethiopia
KM438233.1;ST8;ST;Homo sapiens;India
KM438232.1;ST1;ST;Homo sapiens;Sri Lanka
KM438231.1;ST15;ST;Homo sapiens;Bangladesh
KM438230.1;ST10;ST;Homo sapiens;Indonesia
KM438229.1;ST1;ST;Homo sapiens;Philippines
KM438228.1;ST16;ST;Homo sapiens;India
KM438227.1;ST1;ST;Homo sapiens;Ethiopia
KM438226.1;ST1;ST;Homo sapiens;India
KM438225.1;ST7;ST;Homo sapiens;Nepal
KM438224.1;ST28;ST;Homo sapiens;Nepal
KM438223.1;ST25;ST;Homo sapiens;Bangladesh
KM438222.1;ST1;ST;Homo sapiens;Ethiopia
KM438221.1;ST1;ST;Homo sapiens;Bangladesh
KM438220.1;ST13;ST;Homo sapiens;Nepal
KM438219.1;ST30;ST;Homo sapiens;Indonesia
KM438218.1;ST2;ST;Homo sapiens;Ethiopia
KM438217.1;ST6;ST;Homo sapiens;Bangladesh
KM438216.1;ST5;ST;Homo sapiens;India
KM438215.1;ST23;ST;Homo sapiens;Indonesia
KM438214.1;ST1;ST;Homo sapiens;India
KM438213.1;ST3;ST;Homo sapiens;Nepal
KM438212.1;ST29;ST;Homo sapiens;Indonesia
KM438211.1;ST33;ST;Homo sapiens;Nepal
KM438210.1;ST21;ST;Homo sapiens;Bangladesh
KM438209.1;ST1;ST;Homo sapiens;India
KM438208.1;ST14;ST;Homo sapiens;Bangladesh
KM438207.1;ST24;ST;Homo sapiens;Indonesia
KM438206.1;ST4;ST;Homo sapiens;Philippines
KM438205.1;ST18;ST;Homo sapiens;Indonesia
KM438204.1;ST32;ST;Homo sapiens;India
KP675947.1;B. hominis;Species;Homo sapiens;Poland
LC068912.1;ST4;ST;Homo sapiens;Iran
LC068911.1;ST4;ST;Homo sapiens;Iran
LC068910.1;ST1;ST;Homo sapiens;Iran
LC068909.1;ST1;ST;Homo sapiens;Iran
LC068908.1;ST1;ST;Homo sapiens;Iran
LC068907.1;ST1;ST;Homo sapiens;Iran
LC068906.1;ST1;ST;Homo sapiens;Iran
LC068905.1;ST1;ST;Homo sapiens;Iran
LC068904.1;ST1;ST;Homo sapiens;Iran
LC068903.1;ST2;ST;Homo sapiens;Iran
LC068902.1;ST2;ST;Homo sapiens;Iran
LC068901.1;ST2;ST;Homo sapiens;Iran
LC068900.1;ST3;ST;Homo sapiens;Iran
LC068899.1;ST3;ST;Homo sapiens;Iran
LC068898.1;ST3;ST;Homo sapiens;Iran
LC068897.1;ST3;ST;Homo sapiens;Iran
LC068896.1;ST3;ST;Homo sapiens;Iran
LC068895.1;ST3;ST;Homo sapiens;Iran
LC068894.1;ST3;ST;Homo sapiens;Iran
LC068893.1;ST3;ST;Homo sapiens;Iran
LC068892.1;ST3;ST;Homo sapiens;Iran
LC068891.1;ST3;ST;Homo sapiens;Iran
LC068890.1;ST3;ST;Homo sapiens;Iran
LC068889.1;ST3;ST;Homo sapiens;Iran
LC068888.1;ST5;ST;Homo sapiens;Iran
LC068887.1;ST5;ST;Homo sapiens;Iran
LC068886.1;ST4;ST;Homo sapiens;Iran
LC068885.1;ST4;ST;Homo sapiens;Iran
LC068884.1;ST1;ST;Homo sapiens;Iran
LC068883.1;ST1;ST;Homo sapiens;Iran
LC068882.1;B. hominis;Species;Homo sapiens;Iran
LC068881.1;B. hominis;Species;Homo sapiens;Iran
LC068880.1;B. hominis;Species;Homo sapiens;Iran
LC068879.1;B. hominis;Species;Homo sapiens;Iran
LC068878.1;B. hominis;Species;Homo sapiens;Iran
LC068877.1;ST3;ST;Homo sapiens;Iran
LC068876.1;ST3;ST;Homo sapiens;Iran
LC068875.1;ST3;ST;Homo sapiens;Iran
LC068874.1;ST3;ST;Homo sapiens;Iran
LC068873.1;ST3;ST;Homo sapiens;Iran
LC068872.1;ST3;ST;Homo sapiens;Iran
LC068871.1;B. hominis;Species;Homo sapiens;Iran
LC068870.1;ST3;ST;Homo sapiens;Iran
LC068869.1;ST3;ST;Homo sapiens;Iran
LC068868.1;B. hominis;Species;Homo sapiens;Iran
LC068867.1;ST3;ST;Homo sapiens;Iran
LC068866.1;ST3;ST;Homo sapiens;Iran
KP244359.1;B. hominis;Species;Homo sapiens;Iran
KP244358.1;B. hominis;Species;Homo sapiens;Iran
KP244357.1;ST1;ST;Homo sapiens;Iran
KP244356.1;B. hominis;Species;Homo sapiens;Iran
KP244355.1;ST1;ST;Homo sapiens;Iran
KP244354.1;B. hominis;Species;Homo sapiens;Iran
KP244353.1;B. hominis;Species;Homo sapiens;Iran
KP244352.1;B. hominis;Species;Homo sapiens;Iran
KP244351.1;ST2;ST;Homo sapiens;Iran
KP244350.1;ST2;ST;Homo sapiens;Iran
KP244349.1;B. hominis;Species;Homo sapiens;Iran
KP244348.1;B. hominis;Species;Homo sapiens;Iran
KP244347.1;ST3;ST;Homo sapiens;Iran
KP244346.1;B. hominis;Species;Homo sapiens;Iran
KP244345.1;B. hominis;Species;Homo sapiens;Iran
KP244344.1;ST3;ST;Homo sapiens;Iran
KP244343.1;B. hominis;Species;Homo sapiens;Iran
KP244342.1;B. hominis;Species;Homo sapiens;Iran
KP244341.1;B. hominis;Species;Homo sapiens;Iran
KP244340.1;B. hominis;Species;Homo sapiens;Iran
KP244339.1;B. hominis;Species;Homo sapiens;Iran
KP244338.1;B. hominis;Species;Homo sapiens;Iran
KM116078.1;ST3;ST;Homo sapiens;Thailand
KM116077.1;ST3;ST;Homo sapiens;Thailand
KM116076.1;ST3;ST;Homo sapiens;Thailand
KM116075.1;ST3;ST;Homo sapiens;Thailand
KM116074.1;ST3;ST;Homo sapiens;Thailand
KM116073.1;ST3;ST;Homo sapiens;Thailand
KM116072.1;ST3;ST;Homo sapiens;Thailand
KM116071.1;ST3;ST;Homo sapiens;Thailand
KM116070.1;ST3;ST;Homo sapiens;Thailand
KM116069.1;ST1;ST;Homo sapiens;Thailand
KM116068.1;ST7;ST;Homo sapiens;Thailand
KM116067.1;ST3;ST;Homo sapiens;Thailand
KM116066.1;ST6;ST;Homo sapiens;Thailand
KM116065.1;ST6;ST;Homo sapiens;Thailand
KM116064.1;ST3;ST;Homo sapiens;Thailand
KM116063.1;ST1;ST;Homo sapiens;Thailand
KM116062.1;ST1;ST;Homo sapiens;Thailand
KM116061.1;ST3;ST;Homo sapiens;Thailand
KM116060.1;ST1;ST;Homo sapiens;Thailand
KM116059.1;ST7;ST;Homo sapiens;Thailand
KP734167.1;ST7;ST;Homo sapiens;Brazil
KP734166.1;ST7;ST;Homo sapiens;Brazil
JQ974946.1;ST8;ST;Primate;Czech Republic
JQ974945.1;ST8;ST;Primate;Czech Republic
JQ974944.1;ST5;ST;Primate;Czech Republic
JQ974943.1;ST4;ST;Primate;Czech Republic
JQ974942.1;ST4;ST;Primate;Czech Republic
JQ974941.1;ST4;ST;Primate;Czech Republic
JQ974940.1;ST3;ST;Homo sapiens;Czech Republic
JQ974939.1;ST2;ST;Primate;Czech Republic
JQ974938.1;ST2;ST;Primate;Czech Republic
JQ974937.1;ST1;ST;Primate;Czech Republic
JQ974936.1;ST1;ST;Primate;Uganda
JQ974935.1;ST1;ST;Primate;Uganda
JQ974934.1;ST1;ST;Primate;Uganda
JQ974933.1;ST1;ST;Primate;Uganda
JQ974932.1;ST1;ST;Primate;Uganda
JQ974931.1;ST1;ST;Primate;Uganda
JQ974930.1;ST1;ST;Primate;Czech Republic
JQ974929.1;ST1;ST;Primate;Czech Republic
JQ974928.1;ST1;ST;Homo sapiens;Czech Republic
JQ974927.1;ST1;ST;Primate;Czech Republic
JQ974926.1;ST1;ST;Primate;Czech Republic
JQ974925.1;ST1;ST;Homo sapiens;Czech Republic
JQ974924.1;ST1;ST;Primate;Czech Republic
JQ974923.1;ST1;ST;Primate;Czech Republic
JQ974922.1;ST1;ST;Homo sapiens;Uganda
KM374619.1;ST2;ST;Homo sapiens;Ecuador
KM374618.1;ST3;ST;Homo sapiens;Ecuador
KM374617.1;ST3;ST;Homo sapiens;Ecuador
KM374616.1;ST2;ST;Homo sapiens;Ecuador
KM374615.1;ST2;ST;Homo sapiens;Ecuador
KM374614.1;ST2;ST;Homo sapiens;Ecuador
KM374613.1;ST1;ST;Homo sapiens;Ecuador
KM374612.1;ST1;ST;Homo sapiens;Ecuador
KM374611.1;ST1;ST;Homo sapiens;Ecuador
KM374610.1;ST8;ST;Primate;Ecuador
KM374609.1;ST8;ST;Primate;Ecuador
KM374608.1;ST8;ST;Primate;Ecuador
KM213513.1;ST7;ST;Homo sapiens;Mexico
KM213512.1;ST3;ST;Homo sapiens;Mexico
KM213511.1;ST3;ST;Homo sapiens;Mexico
KM213510.1;ST3;ST;Homo sapiens;Mexico
KM213509.1;ST3;ST;Homo sapiens;Mexico
KM213508.1;ST3;ST;Homo sapiens;Mexico
KM213507.1;ST3;ST;Homo sapiens;Mexico
KM213506.1;ST3;ST;Homo sapiens;Mexico
KM213505.1;ST3;ST;Homo sapiens;Mexico
KM213503.1;ST2;ST;Homo sapiens;Mexico
KM213502.1;ST2;ST;Homo sapiens;Mexico
KM213501.1;ST2;ST;Homo sapiens;Mexico
KM213500.1;ST1;ST;Homo sapiens;Mexico
KM213499.1;ST2;ST;Homo sapiens;Mexico
KM213498.1;ST2;ST;Homo sapiens;Mexico
KM213497.1;ST2;ST;Homo sapiens;Mexico
KM213496.1;ST2;ST;Homo sapiens;Mexico
KM213495.1;ST2;ST;Homo sapiens;Mexico
KM213494.1;ST2;ST;Homo sapiens;Mexico
KM213493.1;ST2;ST;Homo sapiens;Mexico
KM213492.1;ST2;ST;Homo sapiens;Mexico
KM213491.1;ST1;ST;Homo sapiens;Mexico
KM213490.1;ST1;ST;Homo sapiens;Mexico
KM213489.1;ST1;ST;Homo sapiens;Mexico
KM213488.1;ST1;ST;Homo sapiens;Mexico
KM213487.1;ST1;ST;Homo sapiens;Mexico
KM213486.1;ST1;ST;Homo sapiens;Mexico
KM213485.1;ST1;ST;Homo sapiens;Mexico
KM213484.1;ST3;ST;Homo sapiens;Mexico
KM213483.1;ST1;ST;Homo sapiens;Mexico
KM213482.1;ST1;ST;Homo sapiens;Mexico
KM213481.1;ST1;ST;Homo sapiens;Mexico
KM213480.1;ST1;ST;Homo sapiens;Mexico
KM213479.1;ST1;ST;Homo sapiens;Mexico
KM213478.1;ST1;ST;Homo sapiens;Mexico
KM213477.1;ST1;ST;Homo sapiens;Mexico
KM213476.1;ST1;ST;Homo sapiens;Mexico
KM213475.1;ST1;ST;Homo sapiens;Mexico
KM213474.1;ST1;ST;Homo sapiens;Mexico
KM213473.1;ST1;ST;Homo sapiens;Mexico
KM213472.1;ST1;ST;Homo sapiens;Mexico
KM213471.1;ST1;ST;Homo sapiens;Mexico
KM213470.1;ST1;ST;Homo sapiens;Mexico
KM213469.1;ST1;ST;Homo sapiens;Mexico
KM213468.1;ST7;ST;Homo sapiens;Mexico
KM213467.1;ST3;ST;Homo sapiens;Mexico
KM213466.1;ST3;ST;Homo sapiens;Mexico
KM213465.1;ST3;ST;Homo sapiens;Mexico
KM213464.1;ST3;ST;Homo sapiens;Mexico
KM213463.1;ST3;ST;Homo sapiens;Mexico
KM213462.1;ST3;ST;Homo sapiens;Mexico
KM213461.1;ST3;ST;Homo sapiens;Mexico
KM213460.1;ST3;ST;Homo sapiens;Mexico
KM213459.1;ST3;ST;Homo sapiens;Mexico
KM213458.1;ST2;ST;Homo sapiens;Mexico
KM213457.1;ST2;ST;Homo sapiens;Mexico
KM213456.1;ST2;ST;Homo sapiens;Mexico
KM213455.1;ST2;ST;Homo sapiens;Mexico
KM213454.1;ST2;ST;Homo sapiens;Mexico
KM213453.1;ST2;ST;Homo sapiens;Mexico
KM213452.1;ST2;ST;Homo sapiens;Mexico
KM213451.1;ST2;ST;Homo sapiens;Mexico
KM213450.1;ST2;ST;Homo sapiens;Mexico
KM213449.1;ST2;ST;Homo sapiens;Mexico
KM213448.1;ST1;ST;Homo sapiens;Mexico
KM213447.1;ST1;ST;Homo sapiens;Mexico
KM213446.1;ST1;ST;Homo sapiens;Mexico
KM213445.1;ST1;ST;Homo sapiens;Mexico
KM213444.1;ST1;ST;Homo sapiens;Mexico
KM213443.1;ST1;ST;Homo sapiens;Mexico
KM213442.1;ST1;ST;Homo sapiens;Mexico
KM213441.1;ST1;ST;Homo sapiens;Mexico
KM213440.1;B. hominis;Species;Homo sapiens;Mexico
KM213439.1;ST1;ST;Homo sapiens;Mexico
KM213438.1;ST1;ST;Homo sapiens;Mexico
KM213437.1;ST1;ST;Homo sapiens;Mexico
KM213436.1;ST1;ST;Homo sapiens;Mexico
KM213435.1;ST1;ST;Homo sapiens;Mexico
KM213434.1;ST1;ST;Homo sapiens;Mexico
KM213433.1;ST1;ST;Homo sapiens;Mexico
KM213432.1;B. hominis;Species;Homo sapiens;Mexico
KM213431.1;ST1;ST;Homo sapiens;Mexico
KM213430.1;ST1;ST;Homo sapiens;Mexico
KM213429.1;ST1;ST;Homo sapiens;Mexico
KM213428.1;ST1;ST;Homo sapiens;Mexico
KM213427.1;ST1;ST;Homo sapiens;Mexico
KM213426.1;ST1;ST;Homo sapiens;Mexico
KM213425.1;ST1;ST;Homo sapiens;Mexico
KC922293.1;ST26;ST;Bovidae;China
KC922227.1;ST5;ST;Bovidae;China
KC922164.1;ST5;ST;Bovidae;China
KC922159.1;ST26;ST;Bovidae;China
KC922157.1;ST3;ST;Bovidae;China
KC922151.1;ST10;ST;Bovidae;China
KF771874.1;ST3;ST;Homo sapiens;Brazil
KJ082062.1;ST5;ST;Suidae;Australia
KF848624.1;B. hominis;Species;Homo sapiens;Senegal
KF848623.1;B. hominis;Species;Homo sapiens;Senegal
KF848622.1;B. hominis;Species;Homo sapiens;Senegal
KF848621.1;B. hominis;Species;Homo sapiens;Senegal
KF848620.1;B. hominis;Species;Homo sapiens;Senegal
KF848619.1;B. hominis;Species;Homo sapiens;Senegal
KF848618.1;B. hominis;Species;Homo sapiens;Senegal
KF848617.1;B. hominis;Species;Homo sapiens;Senegal
KF848616.1;B. hominis;Species;Homo sapiens;Senegal
KF848615.1;B. hominis;Species;Homo sapiens;Senegal
KF848614.1;B. hominis;Species;Homo sapiens;Senegal
KF848613.1;B. hominis;Species;Homo sapiens;Senegal
KF848612.1;B. hominis;Species;Homo sapiens;Senegal
KF848611.1;B. hominis;Species;Homo sapiens;Senegal
KF848610.1;B. hominis;Species;Homo sapiens;Senegal
KF848609.1;B. hominis;Species;Homo sapiens;Senegal
KF848608.1;B. hominis;Species;Homo sapiens;Senegal
KF848607.1;B. hominis;Species;Homo sapiens;Senegal
KF848606.1;B. hominis;Species;Homo sapiens;Senegal
KF848605.1;B. hominis;Species;Homo sapiens;Senegal
KF848604.1;ST3;ST;Homo sapiens;Senegal
KF848603.1;ST3;ST;Homo sapiens;Senegal
KF848602.1;ST2;ST;Homo sapiens;Senegal
KF848601.1;B. hominis;Species;Homo sapiens;Senegal
KF848600.1;ST3;ST;Homo sapiens;Senegal
KF848599.1;B. hominis;Species;Homo sapiens;Senegal
KF848598.1;B. hominis;Species;Homo sapiens;Senegal
KF848597.1;ST3;ST;Homo sapiens;Senegal
KF848596.1;ST3;ST;Homo sapiens;Senegal
KF848595.1;ST3;ST;Homo sapiens;Senegal
KF848594.1;B. hominis;Species;Homo sapiens;Senegal
KF848593.1;B. hominis;Species;Homo sapiens;Senegal
KF848592.1;B. hominis;Species;Homo sapiens;Senegal
KF848591.1;ST7;ST;Homo sapiens;Senegal
KF848590.1;ST3;ST;Homo sapiens;Senegal
KF848589.1;B. hominis;Species;Homo sapiens;Senegal
KF848588.1;ST3;ST;Homo sapiens;Senegal
KF848587.1;B. hominis;Species;Homo sapiens;Senegal
KF848586.1;ST1;ST;Homo sapiens;Senegal
KF848585.1;ST4;ST;Homo sapiens;Senegal
KF848584.1;ST1;ST;Homo sapiens;Senegal
KF848583.1;ST2;ST;Homo sapiens;Senegal
KF848582.1;ST1;ST;Homo sapiens;Senegal
KF848581.1;ST3;ST;Homo sapiens;Senegal
KF848580.1;ST1;ST;Homo sapiens;Senegal
KF848579.1;B. hominis;Species;Homo sapiens;Senegal
KF848578.1;B. hominis;Species;Homo sapiens;Senegal
KF848577.1;ST3;ST;Homo sapiens;Senegal
KF848576.1;B. hominis;Species;Homo sapiens;Senegal
KF848575.1;ST2;ST;Homo sapiens;Senegal
KF848574.1;ST2;ST;Homo sapiens;Senegal
KF848573.1;ST1;ST;Homo sapiens;Senegal
KF848572.1;ST3;ST;Homo sapiens;Senegal
KF848571.1;B. hominis;Species;Homo sapiens;Senegal
KF848570.1;ST1;ST;Homo sapiens;Senegal
KF848569.1;ST1;ST;Homo sapiens;Senegal
KF848568.1;ST1;ST;Homo sapiens;Senegal
KF848567.1;B. hominis;Species;Homo sapiens;Senegal
KF848566.1;B. hominis;Species;Homo sapiens;Senegal
KF848565.1;ST2;ST;Homo sapiens;Senegal
KF848564.1;ST3;ST;Homo sapiens;Senegal
KF848563.1;ST3;ST;Homo sapiens;Senegal
KF848562.1;B. hominis;Species;Homo sapiens;Senegal
KF848561.1;ST3;ST;Homo sapiens;Senegal
KF848560.1;ST3;ST;Homo sapiens;Senegal
KF848559.1;ST3;ST;Homo sapiens;Senegal
KF848558.1;ST2;ST;Homo sapiens;Senegal
KF848557.1;ST1;ST;Homo sapiens;Senegal
KF848556.1;ST3;ST;Homo sapiens;Senegal
KF848555.1;ST2;ST;Homo sapiens;Senegal
KF848554.1;B. hominis;Species;Homo sapiens;Senegal
KF848553.1;ST1;ST;Homo sapiens;Senegal
KF848552.1;B. hominis;Species;Homo sapiens;Senegal
KF848551.1;B. hominis;Species;Homo sapiens;Senegal
KF848550.1;ST3;ST;Homo sapiens;Senegal
KF848549.1;ST3;ST;Homo sapiens;Senegal
KF848548.1;B. hominis;Species;Homo sapiens;Senegal
KF848547.1;B. hominis;Species;Homo sapiens;Senegal
KF848546.1;ST3;ST;Homo sapiens;Senegal
KF848545.1;ST2;ST;Homo sapiens;Senegal
KF848544.1;B. hominis;Species;Homo sapiens;Senegal
KF848543.1;B. hominis;Species;Homo sapiens;Senegal
KF848542.1;ST3;ST;Homo sapiens;Senegal
KF848541.1;B. hominis;Species;Homo sapiens;Senegal
KF848540.1;B. hominis;Species;Homo sapiens;Senegal
KF848539.1;ST2;ST;Homo sapiens;Senegal
KF848538.1;ST1;ST;Homo sapiens;Senegal
KF848537.1;B. hominis;Species;Homo sapiens;Senegal
KF848536.1;B. hominis;Species;Homo sapiens;Senegal
KF848535.1;ST3;ST;Homo sapiens;Senegal
KF848534.1;ST1;ST;Homo sapiens;Senegal
KF848533.1;B. hominis;Species;Homo sapiens;Senegal
KF848532.1;B. hominis;Species;Homo sapiens;Senegal
KF848531.1;ST3;ST;Homo sapiens;Senegal
KF848530.1;ST1;ST;Homo sapiens;Senegal
KF848529.1;ST2;ST;Homo sapiens;Senegal
KF848528.1;B. hominis;Species;Homo sapiens;Senegal
KF848527.1;B. hominis;Species;Homo sapiens;Senegal
KF848526.1;ST3;ST;Homo sapiens;Senegal
KF848525.1;B. hominis;Species;Homo sapiens;Senegal
KF848524.1;B. hominis;Species;Homo sapiens;Senegal
KF848523.1;ST2;ST;Homo sapiens;Senegal
KF848522.1;ST2;ST;Homo sapiens;Senegal
KF848521.1;B. hominis;Species;Homo sapiens;Senegal
KF848520.1;B. hominis;Species;Homo sapiens;Senegal
KF848519.1;ST3;ST;Homo sapiens;Senegal
KF848518.1;B. hominis;Species;Homo sapiens;Senegal
KF848517.1;B. hominis;Species;Homo sapiens;Senegal
KF848516.1;ST1;ST;Homo sapiens;Senegal
KF848515.1;B. hominis;Species;Homo sapiens;Senegal
KF848514.1;ST1;ST;Homo sapiens;Senegal
KF848513.1;B. hominis;Species;Homo sapiens;Senegal
KF848512.1;ST1;ST;Homo sapiens;Senegal
KF848511.1;B. hominis;Species;Homo sapiens;Senegal
KF848510.1;B. hominis;Species;Homo sapiens;Senegal
KF848509.1;B. hominis;Species;Homo sapiens;Senegal
KJ082063.1;ST5;ST;Suidae;Cambodia
KF285450.1;ST3;ST;Homo sapiens;Thailand
KF285449.1;ST3;ST;Homo sapiens;Thailand
KF285448.1;ST3;ST;Homo sapiens;Thailand
KF285447.1;ST2;ST;Homo sapiens;Thailand
KF285446.1;ST1;ST;Homo sapiens;Thailand
KF285445.1;ST1;ST;Homo sapiens;Thailand
KF285444.1;ST1;ST;Homo sapiens;Thailand
KF285443.1;ST1;ST;Homo sapiens;Thailand
JQ665872.1;ST1;ST;Homo sapiens;Thailand
JQ665871.1;ST1;ST;Homo sapiens;Thailand
JQ665870.1;ST1;ST;Homo sapiens;Thailand
JQ665869.1;ST1;ST;Homo sapiens;Thailand
JQ665868.1;ST1;ST;Homo sapiens;Thailand
JQ665867.1;ST1;ST;Homo sapiens;Thailand
JQ665866.1;ST1;ST;Homo sapiens;Thailand
JQ665865.1;ST1;ST;Homo sapiens;Thailand
JQ665864.1;ST1;ST;Homo sapiens;Thailand
JQ665863.1;ST1;ST;Homo sapiens;Thailand
JQ665862.1;ST1;ST;Homo sapiens;Thailand
JQ665861.1;ST1;ST;Homo sapiens;Thailand
JQ665860.1;ST1;ST;Homo sapiens;Thailand
JQ665859.1;ST1;ST;Homo sapiens;Thailand
JQ665858.1;ST1;ST;Homo sapiens;Thailand
JQ665857.1;ST1;ST;Homo sapiens;Thailand
JQ665856.1;ST1;ST;Homo sapiens;Thailand
JQ665855.1;ST1;ST;Homo sapiens;Thailand
JQ665854.1;ST1;ST;Homo sapiens;Thailand
JQ665853.1;ST1;ST;Homo sapiens;Thailand
JQ665852.1;ST1;ST;Homo sapiens;Thailand
JQ665851.1;ST1;ST;Homo sapiens;Thailand
JQ665850.1;ST6;ST;Homo sapiens;Thailand
JQ665849.1;ST6;ST;Homo sapiens;Thailand
JQ665848.1;ST2;ST;Homo sapiens;Thailand
JQ665847.1;ST1;ST;Homo sapiens;Thailand
JQ665846.1;ST1;ST;Homo sapiens;Thailand
JQ665845.1;ST1;ST;Homo sapiens;Thailand
JQ665844.1;ST1;ST;Homo sapiens;Thailand
JF792497.1;ST1;ST;Homo sapiens;Tanzania
JF792496.1;ST2;ST;Homo sapiens;Tanzania
JF792495.1;ST3;ST;Homo sapiens;Tanzania
JF792494.1;ST3;ST;Homo sapiens;Tanzania
HQ286916.1;ST3;ST;Primate;Tanzania
HQ286915.1;ST5;ST;Primate;Tanzania
HQ286914.1;ST2;ST;Primate;Tanzania
HQ286913.1;ST1;ST;Primate;Tanzania
HQ286912.1;ST1;ST;Primate;Tanzania
HQ286911.1;ST1;ST;Primate;Tanzania
HQ286910.1;ST2;ST;Primate;Tanzania
HQ286909.1;ST2;ST;Primate;Tanzania
HQ286908.1;ST3;ST;Primate;Tanzania
HQ286907.1;ST1;ST;Primate;Tanzania
HQ286906.1;ST1;ST;Primate;Tanzania
HQ286905.1;ST1;ST;Primate;Tanzania
HQ286904.1;ST1;ST;Primate;Tanzania
AY618267.1;ST1;ST;Homo sapiens;Thailand
JQ996370.1;ST14;ST;Bovidae;USA
JQ996369.1;ST10;ST;Bovidae;USA
JQ996368.1;ST10;ST;Bovidae;USA
JQ996367.1;ST10;ST;Bovidae;USA
JQ996366.1;ST10;ST;Bovidae;USA
JQ996365.1;ST10;ST;Bovidae;USA
JQ996364.1;ST10;ST;Bovidae;USA
JQ996363.1;ST10;ST;Bovidae;USA
JQ996362.1;ST10;ST;Bovidae;USA
JQ996361.1;ST14;ST;Bovidae;USA
JQ996360.1;ST10;ST;Bovidae;USA
JQ996359.1;ST10;ST;Bovidae;USA
JQ996358.1;ST14;ST;Bovidae;USA
JQ996357.1;ST14;ST;Bovidae;USA
JQ996356.1;ST14;ST;Bovidae;USA
JQ996355.1;ST14;ST;Bovidae;USA
HQ641661.1;ST7;ST;Galliformes;Spain
HQ641660.1;ST7;ST;Galliformes;Spain
HQ641659.1;ST6;ST;Galliformes;Spain
HQ641658.1;ST6;ST;Galliformes;Spain
HQ641657.1;ST3;ST;Primate;Spain
HQ641656.1;ST3;ST;Primate;Spain
HQ641655.1;ST2;ST;Primate;Spain
HQ641654.1;ST2;ST;Primate;Spain
HQ641653.1;ST3;ST;Primate;Spain
HQ641652.1;ST4;ST;Primate;Spain
HQ641651.1;ST3;ST;Primate;Spain
HQ641650.1;ST3;ST;Primate;Spain
HQ641649.1;ST3;ST;Primate;Spain
HQ641648.1;ST3;ST;Primate;Spain
HQ641647.1;ST3;ST;Primate;Spain
HQ641646.1;ST1;ST;Primate;Spain
HQ641645.1;ST2;ST;Primate;Spain
HQ641644.1;ST3;ST;Primate;Spain
HQ641643.1;ST2;ST;Primate;Spain
HQ641642.1;ST3;ST;Primate;Spain
HQ641641.1;ST1;ST;Primate;Spain
HQ641640.1;ST1;ST;Primate;Spain
HQ641639.1;ST1;ST;Primate;Spain
HQ641638.1;ST1;ST;Primate;Spain
HQ641637.1;ST1;ST;Primate;Spain
HQ641636.1;ST5;ST;Suidae;Spain
HQ641635.1;ST5;ST;Suidae;USA
HQ641634.1;ST5;ST;Suidae;USA
HQ641633.1;ST5;ST;Suidae;USA
HQ641632.1;ST5;ST;Suidae;USA
HQ641631.1;ST5;ST;Suidae;USA
HQ641630.1;ST5;ST;Suidae;USA
HQ641629.1;ST10;ST;Bovidae;USA
HQ641628.1;ST10;ST;Bovidae;USA
HQ641627.1;ST10;ST;Bovidae;USA
HQ641626.1;ST10;ST;Bovidae;USA
HQ641625.1;ST10;ST;Bovidae;USA
HQ641624.1;ST10;ST;Bovidae;USA
HQ641623.1;ST10;ST;Bovidae;USA
HQ641622.1;ST4;ST;Homo sapiens;USA
HQ641621.1;ST4;ST;Homo sapiens;Spain
HQ641620.1;ST2;ST;Homo sapiens;Colombia
HQ641619.1;ST2;ST;Homo sapiens;Colombia
HQ641618.1;ST2;ST;Homo sapiens;Colombia
HQ641617.1;ST2;ST;Homo sapiens;Colombia
HQ641616.1;ST1;ST;Homo sapiens;Colombia
HQ641615.1;ST2;ST;Homo sapiens;Colombia
HQ641614.1;ST2;ST;Homo sapiens;Colombia
HQ641613.1;ST3;ST;Homo sapiens;Colombia
HQ641612.1;ST3;ST;Homo sapiens;Colombia
HQ641611.1;ST3;ST;Homo sapiens;Colombia
HQ641610.1;ST3;ST;Homo sapiens;Colombia
HQ641609.1;ST3;ST;Homo sapiens;Colombia
HQ641608.1;ST3;ST;Homo sapiens;Colombia
HQ641607.1;ST3;ST;Homo sapiens;Colombia
HQ641606.1;ST3;ST;Homo sapiens;Colombia
HQ641605.1;ST2;ST;Homo sapiens;Colombia
HQ641604.1;ST2;ST;Homo sapiens;Colombia
HQ641603.1;ST2;ST;Homo sapiens;Colombia
HQ641602.1;ST2;ST;Homo sapiens;Colombia
HQ641601.1;ST2;ST;Homo sapiens;Colombia
HQ641600.1;ST2;ST;Homo sapiens;Colombia
HQ641599.1;ST2;ST;Homo sapiens;Colombia
HQ641598.1;ST1;ST;Homo sapiens;Colombia
HQ641597.1;ST1;ST;Homo sapiens;Colombia
HQ641596.1;ST1;ST;Homo sapiens;Colombia
HQ641595.1;ST1;ST;Homo sapiens;Colombia
GU256937.1;ST12;ST;Macropodidae;Australia
GU256936.1;ST12;ST;Macropodidae;Australia
GU256935.1;ST13;ST;Macropodidae;Australia
GU256934.1;ST13;ST;Macropodidae;Australia
GU256933.1;ST11;ST;Proboscidea;Australia
GU256932.1;ST11;ST;Proboscidea;Australia
GU256931.1;ST11;ST;Proboscidea;Netherlands
GU256930.1;ST11;ST;Proboscidea;Netherlands
GU256929.1;ST11;ST;Proboscidea;Netherlands
GU256928.1;ST11;ST;Proboscidea;Netherlands
GU256927.1;ST11;ST;Proboscidea;Netherlands
GU256926.1;ST11;ST;Proboscidea;Netherlands
GU256925.1;ST12;ST;Giraffidae;Netherlands
GU256924.1;ST12;ST;Giraffidae;Netherlands
GU256923.1;ST12;ST;Giraffidae;Netherlands
GU256922.1;ST11;ST;Proboscidea;Australia
GU256921.1;ST12;ST;Giraffidae;Australia
GU256920.1;ST12;ST;Giraffidae;Netherlands
GU256919.1;ST12;ST;Giraffidae;Netherlands
GU256918.1;ST12;ST;Giraffidae;Netherlands
GU256917.1;ST12;ST;Giraffidae;Netherlands
GU256916.1;ST12;ST;Giraffidae;Netherlands
GU256915.1;ST12;ST;Giraffidae;Netherlands
GU256914.1;ST12;ST;Giraffidae;Netherlands
GU256913.1;ST12;ST;Giraffidae;Belgium
GU256912.1;ST12;ST;Giraffidae;Belgium
GU256911.1;ST12;ST;Giraffidae;Belgium
GU256910.1;ST12;ST;Giraffidae;Belgium
GU256909.1;ST11;ST;Proboscidea;Belgium
GU256908.1;ST11;ST;Proboscidea;Belgium
GU256907.1;ST11;ST;Proboscidea;Belgium
GU256906.1;ST12;ST;Giraffidae;Australia
GU256905.1;ST12;ST;Giraffidae;Australia
GU256904.1;ST11;ST;Proboscidea;Australia
GU256903.1;ST11;ST;Proboscidea;Australia
GU256902.1;ST12;ST;Giraffidae;Australia
GU256901.1;ST11;ST;Proboscidea;Australia
GU256900.1;ST11;ST;Proboscidea;Australia
GU256899.1;ST12;ST;Giraffidae;Australia
AY618265.1;ST2;ST;Homo sapiens;Thailand
EF680770.1;ST1;ST;Suidae;Spain
EF680769.1;ST1;ST;Suidae;Spain
EF680768.1;ST1;ST;Suidae;Spain
EF680767.1;ST1;ST;Suidae;Spain
EF680766.1;ST1;ST;Suidae;Spain
EF680765.1;ST2;ST;Suidae;Spain
EF680764.1;ST1;ST;Suidae;Spain
EF680763.1;ST1;ST;Suidae;Spain
EF680762.1;ST2;ST;Suidae;Spain
EF680761.1;ST2;ST;Suidae;Spain
FM164413.1;ST10;ST;Bovidae;Denmark
FM164412.1;ST10;ST;Bovidae;Denmark
EF200010.1;ST2;ST;Homo sapiens;Thailand
AM779059.1;ST1;ST;Homo sapiens;Turkey
AM779058.1;ST1;ST;Homo sapiens;Turkey
AM779057.1;ST1;ST;Homo sapiens;Turkey
AM779056.1;ST1;ST;Homo sapiens;Turkey
AM779055.1;ST1;ST;Homo sapiens;Turkey
AM779054.1;ST1;ST;Homo sapiens;Turkey
AM779053.1;ST2;ST;Homo sapiens;Turkey
AM779052.1;ST2;ST;Homo sapiens;Turkey
AM779051.1;ST2;ST;Homo sapiens;Turkey
AM779050.1;ST2;ST;Homo sapiens;Turkey
AM779049.1;ST2;ST;Homo sapiens;Turkey
AM779048.1;ST3;ST;Homo sapiens;Turkey
AM779047.1;ST3;ST;Homo sapiens;Turkey
AM779046.1;ST3;ST;Homo sapiens;Turkey
AM779045.1;ST3;ST;Homo sapiens;Turkey
AM779044.1;ST3;ST;Homo sapiens;Turkey
AM779043.1;ST3;ST;Homo sapiens;Turkey
AM779042.1;ST3;ST;Homo sapiens;Turkey
AM779041.1;ST3;ST;Homo sapiens;Turkey
AM779040.1;ST3;ST;Homo sapiens;Turkey
AM779039.1;ST3;ST;Homo sapiens;Turkey
AM779038.1;ST3;ST;Homo sapiens;Turkey
AM779037.1;ST3;ST;Homo sapiens;Turkey
AM779036.1;ST3;ST;Homo sapiens;Turkey
AM779035.1;ST3;ST;Homo sapiens;Turkey
AM779034.1;ST3;ST;Homo sapiens;Turkey
AM779033.1;ST3;ST;Homo sapiens;Turkey
AM779032.1;ST3;ST;Homo sapiens;Turkey
AM779031.1;ST3;ST;Homo sapiens;Turkey
AM779030.1;ST3;ST;Homo sapiens;Turkey
AM779029.1;ST3;ST;Homo sapiens;Turkey
AM779028.1;ST3;ST;Homo sapiens;Turkey
AM779027.1;ST3;ST;Homo sapiens;Turkey
AM779026.1;ST3;ST;Homo sapiens;Turkey
AM779025.1;ST3;ST;Homo sapiens;Turkey
AM779024.1;ST3;ST;Homo sapiens;Turkey
AM779023.1;ST3;ST;Homo sapiens;Turkey
AM779022.1;ST3;ST;Homo sapiens;Turkey
AM779021.1;ST3;ST;Homo sapiens;Turkey
AM779020.1;ST3;ST;Homo sapiens;Turkey
AM779019.1;ST3;ST;Homo sapiens;Turkey
AM779018.1;ST3;ST;Homo sapiens;Turkey
AM779017.1;ST3;ST;Homo sapiens;Turkey
AM779016.1;ST3;ST;Homo sapiens;Turkey
AM779015.1;ST3;ST;Homo sapiens;Turkey
AM779014.1;ST3;ST;Homo sapiens;Turkey
AM779013.1;ST3;ST;Homo sapiens;Turkey
AM779012.1;ST3;ST;Homo sapiens;Turkey
AM779011.1;ST3;ST;Homo sapiens;Turkey
AM779010.1;ST3;ST;Homo sapiens;Turkey
AM779009.1;ST3;ST;Homo sapiens;Turkey
AM779008.1;ST3;ST;Homo sapiens;Turkey
AM779007.1;ST3;ST;Homo sapiens;Turkey
AM779006.1;ST3;ST;Homo sapiens;Turkey
AM779005.1;ST3;ST;Homo sapiens;Turkey
AM779004.1;ST3;ST;Homo sapiens;Turkey
AM712471.1;ST3;ST;Homo sapiens;Denmark
AM712469.1;ST3;ST;Homo sapiens;Denmark
AM712468.1;ST2;ST;Homo sapiens;Denmark
AM712467.1;ST2;ST;Homo sapiens;Denmark
AM712466.1;ST4;ST;Homo sapiens;Denmark
AM712465.1;ST3;ST;Homo sapiens;Denmark
AM712464.1;ST2;ST;Homo sapiens;Denmark
AM712463.1;ST3;ST;Homo sapiens;Denmark
AM712462.1;ST1;ST;Homo sapiens;Denmark
AM712461.1;ST1;ST;Homo sapiens;Denmark
AM712460.1;ST3;ST;Homo sapiens;Denmark
AM712459.1;ST1;ST;Homo sapiens;Denmark
AM712458.1;ST1;ST;Homo sapiens;Denmark
AM712457.1;ST2;ST;Homo sapiens;Denmark
AM712456.1;ST3;ST;Homo sapiens;Denmark
AM712455.1;ST1;ST;Homo sapiens;Denmark
AM712454.1;ST3;ST;Homo sapiens;Denmark
AM712453.1;ST3;ST;Homo sapiens;Denmark
AM712452.1;ST3;ST;Homo sapiens;Denmark
AM712451.1;ST1;ST;Homo sapiens;Denmark
AM712450.1;ST3;ST;Homo sapiens;Denmark
AM712449.1;ST2;ST;Homo sapiens;Denmark
AM778994.1;ST4;ST;Homo sapiens;Turkey
AM778993.1;ST3;ST;Homo sapiens;Turkey
AM778992.1;ST3;ST;Homo sapiens;Turkey
AM778991.1;ST3;ST;Homo sapiens;Turkey
AM778990.1;ST3;ST;Homo sapiens;Turkey
AM778989.1;ST3;ST;Homo sapiens;Turkey
AM778988.1;ST3;ST;Homo sapiens;Turkey
AM778987.1;ST3;ST;Homo sapiens;Turkey
AM778986.1;ST3;ST;Homo sapiens;Turkey
AM778985.1;ST3;ST;Homo sapiens;Turkey
AM495096.1;ST8;ST;Homo sapiens;Denmark
AY618268.1;ST3;ST;Homo sapiens;Thailand
AY618266.1;ST1;ST;Homo sapiens;Thailand
AY266475.1;ST5;ST;Squamata;Singapore
AY266474.1;B. cycluri;Species;Squamata;Singapore
AY266473.1;ST15;ST;Testudines;Singapore
AY266472.1;ST5;ST;Squamata;Singapore
AY266471.1;ST5;ST;Squamata;Singapore
AY266470.1;ST15;ST;Anura;Japan
AY266469.1;ST5;ST;Anura;Japan
AY266468.1;ST15;ST;Anura;Japan
AY266467.1;ST5;ST;Anura;Japan
AY244621.1;ST4;ST;Homo sapiens;Japan
AY244620.1;ST4;ST;Homo sapiens;Germany
AY244619.1;ST4;ST;Homo sapiens;Germany
AF538349.1;ST1;ST;Equidae;Thailand
AF538348.1;ST1;ST;Suidae;Thailand
AF439782.2;ST1;ST;Homo sapiens;Thailand
